0,左云县张家场风电项目,0
19,装备投资张家口张北玉龙风电四期49.5MW工程项目,0
20,装备投资张家口张北玉龙风电三期49.5MW工程项目,0
26,诸城天融风电项目,0
43,珠海港控赤峰克旗九顶山风电二期9.75MW工程项目,0
44,珠海港控赤峰克旗风水互补风电5.25MW工程项目,0
45,珠海港控赤峰克旗达里风电技改30MW工程项目,0
46,珠海港控赤峰克旗达里风电二期3.96MW工程项目,0
54,重庆涪陵金子山风电场,涪陵金子山风电场工程
72,中天万和九云岭风电场项目工程,中天万和九云岭风电场项目
73,中天万和九云岭风电场二期项目工程,中天万和九云岭风电场二期项目
112,中能国电景县南运河200MW风电场一期项目,中能国电景县南运河200MW风电场（一期50MW）
113,中明绿源包头达茂旗宁风风电49.5MW工程项目,达茂旗宁风风电场49.5MW项目
114,中明绿源包头达茂旗满都拉风电一期49.5MW工程项目,达茂旗满都拉风电场一期49.5MW项目
115,中明绿源包头达茂旗飓能风电49.5MW工程项目,达茂旗飓能风电场49.5MW项目
116,中明绿源包头达茂旗高传风电49.5MW工程项目,达茂旗高传风电场49.5MW项目
118,中铝吴忠青铜峡贺兰山风电二期10.2MW工程项目,0
119,中铝吴忠红寺堡风电二期49.5MW工程项目,宁夏红寺堡风电场（石板泉）国电二期49.5MW工程项目
120,中铝宁夏能源集团有限公司贺兰山200兆瓦风电项目,0
121,中铝阿拉善盟阿拉善贺兰山风电一期49.5MW工程项目,0
122,中铝阿拉善盟阿拉善贺兰山风电二期风储一体化示范49.5MW工程项目,0
133,中节能张家口张北绿脑包风电一期100.5MW工程项目,0
134,中节能张家口张北单晶河风电200MW工程项目,河北张北单晶河风电场200MW风电特许权项目
143,中节能乌兰察布察右后旗红木脑包风电49.5MW工程项目,0
144,中节能酒泉玉门昌马风电201MW工程项目,0
145,中节能酒泉玉门昌马第三风电201MW工程项目,0
153,中节能海西德令哈尕海风电二期49.5MW工程项目,德令哈尕海二期49.5兆瓦风力发电项目
158,中核贺州富川长春风电一期49.5MW工程项目,0
159,中核哈密烟墩八C风电200MW工程项目,新疆华电哈密烟墩八B200MW风电项目
164,中核甘肃矿区黑崖子50兆瓦风电平价上网示范项目,甘肃矿区黑崖子50MW风电平价上网示范项目
165,中核郴州桂阳子顶山风电49.9MW工程项目,0
166,中核郴州桂阳天塘山风电49.9MW工程项目,桂阳县天塘山49.9MW风电场项目
172,中航朝阳建平黑水镇风电48MW工程项目,中航建平黑水镇风电场
173,中航包头达茂旗百灵庙风电一期49.5MW工程项目,盾安控股集团有限公司包头市达茂旗百灵庙风电场一期49.5MW项目
174,中航包头达茂旗百灵庙风电二期49.5MW工程项目,包头市盾安风电有限责任公司达茂旗百灵庙风电场二期49.5MW风力发电工程项目
176,中航白城大安乐胜风电一期49.5MW工程项目,0
182,中航白城大安乐胜风电二期49.5MW工程项目,0
186,中海油乌兰察布化德风电一期49.5MW工程项目,0
189,中海油潍坊滨海风电二期49.5MW工程项目,中海油潍坊滨海风电项目二期49.5MW工程
191,中海油海南东方四更风电一期48MW工程项目,0
195,中国水电建设集团江苏如东10万千瓦潮间带海上风电项目,中水电如东10万千瓦潮间带海上风电示范项目
196,中国水电灰腾梁二期4.95万千瓦风电项目,0
204,中国能建郴州汝城白云仙风电49.5MW工程项目,0
205,中国核电徐大堡核电厂非核心区7.5MW分散式风电项目,0
207,中国国信海南东方风电8.7MW工程项目,0
208,中国国信海南东方风电27.3MW工程项目,0
210,中国风电酒泉瓜州干河口第八风电201MW工程项目,0
235,中广核张家口尚义东山风电二期49.5MW工程项目,东山风电二期扩建49.5MW风电特许权项目
206,中国国信海南东方高排风电48MW工程项目,海南东方高排风力发电场项目
236,中广核张家口尚义东山风电49.5MW工程项目,0
244,中广核玉林北流大冲山风电49.8MW工程项目,中广核象山涂茨风电场项目
260,中广核象山涂茨风电场建设项目,0
265,中广核威海文登张家产风电49.3MW工程项目,0
316,中广核黔南龙里贾拓山风电60MW工程项目,0
318,中广核黔南龙里谷冰风电48MW工程项目,0
319,中广核黔南贵定千盆山风电45MW工程项目,0
320,中广核黔南贵定过路山风电47.5MW工程项目,0
321,中广核黔南贵定擦耳山风电47.5MW工程项目,0
323,中广核黔南都匀青峰风电150MW工程项目,0
330,中广核黔东南雷山大塘风电48MW工程项目,0
348,中广核兰考兰阳分散式风电场工程,0
350,中广核酒泉瓜州大梁西风电49.5MW工程项目,0
352,中广核酒泉瓜州大梁风电49.5MW工程项目,0
366,中广核吉安遂川清秀风电46MW工程项目,0
378,中广核哈密巴里坤三塘湖一区风电200MW工程项目,0
379,中广核哈尔滨巴彦双鸭山风电49.5MW工程项目,0
381,中广核贵阳开阳高寨风电40MW工程项目,0
404,中广核岱山4#海上风电场项目（一期）,中广核岱山4#海上风电项目（一期）
406,中广核大悟宣化风电项目,0
413,中广核大悟三里城风电场项目,大悟三里城风电项目
420,中广核大同县马家梁一期工程,中广核大同县马家梁风电场一期工程
430,中广核大庆让胡路银浪风电49.5MW工程项目,大庆银浪风电场（49.5MW）新建工程项目
432,中广核大庆让胡路宏伟风电新建49.5MW工程项目,大庆宏伟风电场（49.5MW）新建工程项目
433,中广核大庆让胡路红骥风电新建49.5MW工程项目,大庆红骥风电场（49.5MW）新建工程项目
435,中广核大庆让胡路对山风电新建49.5MW工程项目,大庆对山风电场（49.5MW）新建工程项目
436,中广核大庆杜尔伯特瑞丰风电49.5MW工程项目,0
437,中广核大庆杜尔伯特风电新建49.5MW工程项目,0
441,中广核楚雄大姚凉风坳风电49.5MW工程项目,0
449,中广核包头白云矿风电49.5MW工程项目,0
450,中广核白城大安大岗子风电五期扩建42MW工程项目,0
452,中广核白城大安大岗子风电四期扩建49.5MW工程项目,0
454,中广核白城大安大岗子风电三期扩建49.5MW工程项目,0
456,中广核白城大安大岗子风电二期扩建49.5MW工程项目,0
459,中广核白城大安大岗子风电49.5MW工程项目,0
486,中电烟台蓬莱风电48MW工程项目,48MW中电蓬莱风电一期工程项目
487,中电乌兰察布察右后旗辉腾锡勒2#风电49.5MW工程项目,察右后旗辉腾锡勒5号风场-红木脑包风电场一期49.5MW风电项目
498,中电投垣曲200MW风电项目,0
517,中电投徐闻和安49.5mw风电项目,中电投徐闻和安49.5MW风电项目
541,中电投陕县雷震山二期风电场工程,中电投陕县雷震山风电场工程
544,中电投山西盛达吕梁岚县河口风电场项目,中电投山西中盛达吕梁岚县河口风电场项目
550,中电投九江江州风电场项目,中电投九江江洲风电场项目
553,中电投晋城陵川风岭山二期50MW风电项目,中电投晋城陵川风岭山二期（50MW）风电项目
554,中电投晋城陵川风岭山9.95万千瓦风电项目,中电投晋城陵川9.95万千瓦风电项目
557,中电投建宁甘家隘风电场,0
561,中电投黄河海西乌兰茶卡盐湖49.5兆瓦风电项目,0
562,中电投黄河海南共和切吉敦曲风电49.5兆瓦风电项目,中电投黄河海南共和切吉敦曲风电场49.5兆瓦风力发电项目
607,中电黔南三都九阡风电99MW工程项目,0
614,中电昆明寻甸苏撒坡风电49.5MW工程项目,0
615,中电酒泉瓜州风电600MW工程项目,0
616,中电酒泉瓜州北大桥风电49.5MW工程项目,酒泉市瓜州北大桥49.5MW风电场项目
619,中电酒泉瓜州北大桥第五风电201MW工程项目,0
620,中电酒泉瓜州安西风电特许权100MW工程项目,0
621,中电建遵义桐梓白马山风电48MW工程项目,0
622,中电建中南院永州蓝山县塔峰镇风电场一期项目,蓝山县塔峰镇风电场项目
623,中电建中南院永州蓝山大桥风电场一期项目,0
624,中电建张家口张北坝头风电一期99MW工程项目,0
626,中电建咸宁崇阳阳金塘风电50MW工程项目,0
627,中电建吴忠太阳山运风风电100MW工程项目,宁夏电投太阳山风电100MW项目
628,中电建潍坊安丘柘山风电一期40MW工程项目,0
631,中电建潍坊安丘石埠子风电100MW工程项目,0
632,中电建松原长岭王子风电三期49.5MW工程项目,0
633,中电建松原长岭风电扩建49.5MW工程项目,0
634,中电建邵阳隆回宝莲风电49.9MW工程项目,0
635,中电建黔南惠水龙塘山风电一期49.5MW工程项目,0
636,中电建黔南惠水龙塘山风电二期49.5MW工程项目,0
637,中电建宁德古田泮洋风电48MW工程项目,0
640,中电建六盘水水城曹罗坪子风电48MW工程项目,0
641,中电建凉山德昌李家坝风电47.5MW工程项目,0
642,中电建凉山德昌黄家坝风电45MW工程项目,0
644,中电建凉山德昌德州风电47.5MW工程项目,0
645,中电建凉山德昌茨达风电107.5MW工程项目,0
647,中电建凉山德昌安宁河峡谷风电一期示范16MW工程项目,安宁河峡谷风电场（一期）示范工程项目
653,中电建凉山德昌阿月风电46MW工程项目,0
655,中电建酒泉瓜州干河口第四风电199.5MW工程项目,0
658,中电建酒泉瓜州北大桥第一风电201MW工程项目,0
664,中电建怀化溆浦紫荆山风电49.5MW工程项目,怀化溆浦紫荆山风电场项目
666,中电建海西都兰金水口西风电49.5MW工程项目,0
667,中电建哈密巴里坤三塘湖一C风电200MW工程项目,0
672,中电建贵阳花溪云顶风电一期49.5MW工程项目,0
675,中电建大理者磨山风电二期15MW工程项目,大理者磨山风电场二期工程项目
676,中电建大理者磨山风电30.75MW工程项目,大理州者磨山风电场工程项目
677,中电建大理晴云山风电49.5MW工程项目,大理晴云山风电场工程
678,中电建大理巨龙山风电49.5MW工程项目,大理巨龙山风电场工程项目
687,中电建大理宾川九龙坡风电49.5MW工程项目,0
688,中电建大理宾川斗顶山风电49.5MW工程项目,0
689,中电建楚雄姚安石楼梯风电44MW工程项目,0
690,中电建楚雄姚安三道箐风电48MW工程项目,0
691,中电建楚雄姚安龙箐风电46MW工程项目,0
692,中电建楚雄姚安保顶山风电48MW工程项目,0
699,中电建郴州临武镇南风电50MW工程项目,0
700,中电建郴州桂阳桥市风电48MW工程项目,0
705,中电建郴州桂阳来溪风电30MW工程项目,0
706,中电建郴州北湖江口风电50MW工程项目,0
707,中电建安顺普定普屯坝风电30MW工程项目,0
708,中电建安顺关岭永宁风电48MW工程项目,0
712,中船重工乌鲁木齐达坂城风电一期49.5MW工程项目,新疆乌鲁木齐达坂城华冉风力发电场一期49.5MW工程项目
714,中船重工农十三师三塘湖风电一期49.5MW工程项目,农十三师国电电力三塘湖风电场一期49.5MW工程
715,中船重工农十三师三塘湖风电二期49.5MW工程项目,远鑫十三师三塘湖风电场二期49.5MW项目
718,中船重工海西格尔木小灶火风电一期49.5MW工程项目,格尔木小灶火风电场一期49.5兆瓦工程
719,中船重工哈密六A风电200MW工程项目,0
722,中船重工阿勒泰吉木乃风电一期49.5MW工程项目,特变电工吉木乃风电场一期49.5兆瓦风电项目
724,中传控股安庆岳西牛草山风电49.5MW工程项目,0
725,中川国际牡丹江穆棱擀面石风电30MW工程项目,0
729,中坳风电场,0
730,织金县铁厂坝风电场一期项目,0
762,浙江东白山金华东阳东白山风电15MW工程项目,0
774,长岭腰井子风电场二期工程,长岭腰井子风电场二期
775,长岭三十号风电场二期工程,长岭三十号风电场二期
776,长鸿汕头南澳福澳风电3MW工程项目,0
777,长春泰恒白城洮南新立风风电一期49.5MW工程项目,0
780,长春泰恒白城洮南新立风风电二期49.5MW工程项目,0
835,扎鲁特旗阿日昆都楞一期,扎鲁特旗阿日昆都楞风电场一期4.95MW项目
836,扎鲁特旗阿日昆都楞三期4.95万千瓦,扎鲁特旗阿日昆都楞风电场三期4.95MW项目
844,云能投曲靖会泽头道坪风电48MW工程项目,0
845,云能投曲靖会泽大海梁子风电48MW工程项目,会泽县大海梁子风电场项目
846,云能投红河泸西永三风电48MW工程项目,红河州泸西县永三风电场工程项目
847,云能投红河泸西孔照普风电48MW工程项目,红河州泸西县孔照普风电厂项目
908,粤电湛江徐闻洋前风电49.5MW工程项目,0
910,粤电湛江雷州红心楼风电49.5MW工程项目,0
912,粤电黔东南从江达棒山风电150MW工程项目,0
914,粤电茂名电白热水风电49.5MW工程项目,0
915,粤电包头白云矿鄂博矿区风电供热100MW工程项目,0
923,远景无锡江阴临港分布式风电1.6MW工程项目,0
928,远景大同广灵卧羊场风电二期49.5MW工程项目,0
929,远景大同广灵卧羊场风电49.5MW工程项目,广灵卧羊场49.5MW风力发电项目
932,沅江虹润漉湖风电场,沅江华顺漉湖风电场
963,榆神协合2000kW分散式风电项目,0
980,右玉县威远镇风电项目,右玉威远镇99.5MW风电项目
983,右玉牛心堡雷公山四期风电项目,右玉牛心堡雷公山四期50MW风电项目的通知
1022,阳高下深井4.8万千瓦风电项目,0
1065,烟台华耀牟平王格庄风电场二期项目,烟台华耀牟平王格庄风电场工程二期项目
1074,亚洲电力牡丹江穆棱代马沟风电30MW工程项目,0
1087,宣力新能源济源长树岭风电场项目,宣力新能源济源王屋长树岭风电场项目
1088,宣力新能源菏泽牡丹区李村二期风电场项目,宣力新能源牡丹区李村二期风电场项目
1104,兴澜实业凉山美姑黄茅埂风电150MW工程项目,凉山州美姑县黄茅埂风电场项目
1110,兴安严关一期风电场工程项目,兴安县严关一期风电场工程项目
1159,新源电力鸡西恒山风电49.5MW工程项目,0
1160,新誉白城洮北到保风电一期49.5MW工程项目,华能康保风电场一期49.5兆瓦工程项目
1172,新天丰宁千松坝风电场,新天丰宁千松坝风电场49.5MW工程
1174,新天丰宁梁后风电场,新天丰宁梁后风电场49.5MW工程
1189,新疆新能源哈密烟墩八A风电200MW工程项目,0
1190,新疆新能源哈密巴里坤三塘湖三A风电200MW工程项目,0
1210,新疆龙源达坂城风电三场六期风电项目,0
1281,新疆风能乌鲁木齐达坂城风电49.25MW工程项目,0
1310,协鑫黔东南雷山苗岭风电49.5MW工程项目,0
1312,协合永州江华桥头铺风电48MW工程项目,江华桥头铺风电场项目
1313,协合永州江华风电48MW工程项目,0
1314,协合永州道县审章塘风电场项目,道县审章塘风电场项目
1320,协合永州道县审章塘二期（井塘）风电场项目,0
1322,协合扬州高邮风电一期50MW工程项目,高邮协合风电场一期50MW发电项目
1327,协合宿州埇桥秦山风电35MW工程项目,协合宿州埇桥区符离风电场项目
1332,协合襄阳枣阳新市风电48MW工程项目,湖北枣阳新市风电场48MW工程
1333,协合通辽科左后旗花灯风电49.5MW工程项目,0
1336,协合曲靖会泽白泥井风电32MW工程项目,0
1342,协合荆门东宝圣境山风电48MW工程项目,荆门圣境山48MW风电工程
1344,协合鹤壁浚县火龙岗风电49.5MW工程项目,0
1346,协合贺州富川石家风电48MW工程项目,0
1347,协合贺州富川风电48MW工程项目,0
1348,协合贺州富川朝东风电48MW工程项目,0
1352,协合滁州天长杨村风电48MW工程项目,0
1354,协合蚌埠五河金大山风电50MW工程项目,0
1355,协合白城镇赉风电二期49.5MW工程项目,镇赉马力风电场二期工程项目
1357,协合白城通榆乌兰花E风电49.5MW工程项目,0
1359,协合白城通榆乌兰花D风电49.5MW工程项目,0
1374,湘投控股乌兰察布化德德包图风电一期49.5MW工程项目,化德县汇德风力发电有限公司德包图风电场一期49.5MW项目
1375,湘投控股乌兰察布化德德包图风电二期49.5MW工程项目,化德县汇德风力发电有限公司德包图风电场二期49.5MW项目
1379,湘电邵阳城步乌鸡岭风电49.5MW工程项目,0
1380,湘电邵阳城步牛排山风电48MW工程项目,城步牛排山风电场项目
1385,湘电昆明富民百花山风电48MW工程项目,富民县百花山风电场项目
1390,湘电郴州北湖鲁(塘)荷(叶)金(江)风电48MW工程项目,0
1392,香港新能乌兰察布四子王旗乌兰花风电49.5MW工程项目,0
1393,香港新能乌兰察布四子王旗风电二期49.5MW工程项目,港能新能源四子王旗风能有限公司乌兰花风电场二期49.5MW风电项目
1408,锡铁山流沙坪二期100兆瓦风电项目,青海明阳锡铁山流沙坪100MW风电项目
1417,锡林浩特市明阳风力发电有限公司锡林浩特明阳3.6MW分散式风电项目,0
1437,锡林郭勒盟洪格尔风电场中国水电建设集团投资有限公司4.95万千瓦风电特许权项目,0
1438,昔阳麒麟沟分散式风电项目,昔阳麒麟沟10MW风电项目
1439,昔阳蚕儿分散式风电项目,昔阳蚕儿10MW风电项目
1440,昔阳白官分散式风电项目,昔阳白官10MW风电项目
1449,武平出米岩风电场,武平出米岩风电场项目
1456,武川县蒙天风能有限公司武川大元山(德胜)50MW风电清洁供暖项目,武川大元山（德胜）50MW风电清洁供暖项目
1464,五凌电力永州江永上江圩风电70MW工程项目,0
1473,五家渠鑫和信六师北塔山牧场100MW风电项目,五家渠鑫垣六师北塔山牧场100MW风电项目
1480,乌力吉风电场大唐河北发电公司4.95万kW风电项目,乌力吉风电场大唐河北发电公司4.95万KW风电项目
1501,乌拉特中旗百万千瓦风电基地鲁能与东宝亿通合作开发巴音杭盖风电场200MW（一期100MW）风电项目,乌拉特中旗百万千瓦风电基地鲁能与东宝亿通合作开发巴音杭盖1号风电场200MW（一期100MW）风电项目
1527,翁旗松山区风能区五道沟风电场二期49.3兆瓦风点项目,翁旗、松山区风能区五道沟风电场二期49.3兆瓦风点项目
1528,翁旗松山区风能区孙家营风电场二期49.3兆瓦风电项目,翁旗、松山区风能区孙家营风电场二期49.3兆瓦风电项目
1615,万州区蒲叶林风电场,重庆万州蒲叶林风电场
1640,突泉县牤牛海风力发电场一期风力发电试点项目,突泉县牤牛海风力发电场一期发电试点项目
1654,同煤矿阴织女泉风电四期工程项目,0
1673,通辽市代力吉风电场国华公司4.95万千瓦风力发电项目,通辽市代力吉风电场国华能源投资公司4.95万千瓦风电项目
1685,通辽科左后旗花灯风电场蒙东协合二期4.95万千瓦项目核准的批复,通辽科左后旗花灯风电场蒙东协合二期4.95万千瓦项目
1699,天威白城大安舍力风电一期49.5MW工程项目,0
1700,天顺农十三师三塘湖风电300MW工程项目,0
1708,天润新密尖山风电场工程1,天润新密尖山风电场工程项目
1717,天润濮阳南乐100MW风电场项目,0
1722,天润滑县金堤80MW风电场项目,0
1754,天瑞德州庆云风电场一期工程,天瑞德州庆云天瑞风电场一期
1760,天能临高风电场,0
1765,天净吴忠青铜峡红碴子风电一期、二期19.5MW工程项目,0
1768,天净吴忠青铜峡红碴子风电三期10.5MW工程项目,0
1796,特变电工包头固阳兴顺西风电一期100MW工程项目,0
1798,特变电工百兆瓦级大型风光互补荒漠并网示范电站一期（50MW+50MWp）工程项目,特变电工百兆瓦级大型风光互补荒漠并网示范电站一期（50MW+50MWP）工程项目
1826,泰来风电项目一期（49.5兆瓦）新建工程项目,泰来广源大新风力发电场（49.5MW）新建工程项目
1857,绥宁宝鼎山风电场二期工程,大唐华银绥宁宝鼎山风电场二期工程
1872,四川省能投会东雪山风电场,0
1873,四川省能投会东绿荫唐风电场,0
1876,四川省能投会东鲁北风电场,凉山州会东县鲁北风电场
1877,四川能投凉山会东鲁南风电49.5MW工程项目,0
1881,四川控股雅安汉源清溪风电47.5MW工程项目,0
1911,双创宝励哈密巴里坤三塘湖一B风电200MW工程项目,0
1951,盛元白旗乌宁巴图风电场一期49.5MW风电项目核准的批复,盛元正镶白旗乌宁巴图风电场一期49.5MW风电项目
1956,盛高电力榆林靖边风电示范49MW工程项目,0
1958,沈阳金山彰武大林台风力发电项目,0
1975,神华国能宁夏盐池惠安风电场一期风电项目,0
1989,深能哈密巴里坤三塘湖风电一期49.5MW工程项目,0
1991,申能上海辖区浦东新老港风电二期48MW工程项目,0
1992,申能包头达茂旗百灵庙风电48MW工程项目,0
1993,申华呼和浩特武川义合美风电49.5MW工程项目,0
2034,上海电力大同浑源官儿乡风电100MW工程项目,0
2038,商丘宁电宁陵县黄河故道300MW风电场项目（一期）,商丘宁电宁陵县黄河故道300MW风电场项目（一期10万千瓦）
2065,山阴蓿麻沟分散式风电项目,0
2070,山阴台墎山分散式风电项目,0
2071,山阴上喇叭分散式风电项目,0
2075,山阴大团山分散式风电项目,0
2077,山西漳泽电力朔州山阴织女泉风电49.5MW工程项目,0
2080,山西昔阳西寨风电场200MW工程,0
2110,山东润海海阳辟雷山风电场二期110MW工程项目,山东润海海阳辟雷山风电场二期110MW工程
2122,山东东明东南100兆瓦风电项目,0
2123,山东德州陵城风电场一期,德州风电场
2126,三义寨风电场,三义寨风电场工程项目
2127,三峡张家口尚义石井风风电一期49.5MW工程项目,河北尚义石井风电场一期49.5MW工程
2128,三峡伊春铁力耳朵眼风电28.05MW工程项目,0
2130,三峡伊春带岭带岭东山风电37.5MW工程项目,0
2137,三峡伊春带岭大箐山风电16.15MW工程项目,0
2138,三峡盐城响水风电201MW工程项目,0
2181,三峡新能源江苏大丰300兆瓦海上风电项目,三峡新能源江苏大丰300MW海上风电项目
2182,三峡新能源广西天峨交连岭风电场,0
2191,三峡乌兰察布化德长顺风电49.5MW工程项目,0
2192,三峡乌兰察布化德四台房子风电49.5MW工程项目,国水集团化德四台房子风电场49.5MW工程
2193,三峡乌兰察布化德三道沟风电49.5MW工程项目,国水集团化德三道沟风电场49.5MW工程
2194,三峡乌兰察布化德牛家房子风电49.5MW工程项目,国水集团化德牛家房子风电场49.5MW工程
2195,三峡乌兰察布化德牛家村风电49.5MW工程项目,国水集团化德牛家村风电场49.5MW工程
2196,三峡乌兰察布化德和平风电49.5MW工程项目,国水集团化德和平风电场49.5MW工程
2197,三峡乌兰察布化德尔力格图风电49.5MW工程项目,国水集团化德尔力格图风电场49.5MW工程
2198,三峡乌兰察布化德车力勿素风电49.5MW工程项目,国水集团化德车力勿素风电场49.5MW工程
2200,三峡铁岭开原威远风电49.5MW工程项目,0
2202,三峡宁波慈溪慈溪风电49.5MW工程项目,0
2203,三峡南阳社旗下洼乡风电一期48MW工程项目,国合河南社旗下洼乡风电场一期工程
2204,三峡南阳社旗下洼乡风电二期48MW工程项目,国合南阳社旗下洼乡风电场二期工程
2205,三峡六盘水盘县白云河梁子风电48MW工程项目,0
2207,三峡凉山冕宁铁厂乡风电70MW工程项目,凉山州冕宁县铁厂乡风电场项目
2208,三峡红河弥勒石洞山风电49.5MW工程项目,0
2209,三峡海西德令哈锡铁山风电3MW工程项目,0
2212,三峡哈尔滨宾县大泉子风电49.5MW工程项目,0
2213,三峡哈尔滨宾县大个岭风电49.5MW工程项目,0
2214,三峡福州闽清上莲风电48MW工程项目,三峡新能源福建闽清上莲风电场48兆瓦风电项目
2215,三峡恩施利川汪营风电48MW工程项目,0
2217,三峡恩施利川天上坪风电48MW工程项目,0
2220,三峡保山施甸四大山风电48MW工程项目,保山市施甸县四大山风电场项目
2223,三峡包头达茂旗巴音6号风电199.5MW工程项目,0
2226,三峡白城洮北查干浩特风电二期15MW工程项目,白城查干浩特风电场二期工程
2227,三峡白城洮北查干浩特风电30MW工程项目,0
2229,三峡白城大安海坨风电一期49.5MW工程项目,大安海坨风电场一期工程项目
2230,三峡白城大安海坨风电四期49.5MW工程项目,大安海坨风电场四期工程项目
2232,三峡白城大安海坨风电三期49.5MW工程项目,大安海坨风电场三期工程项目
2236,三峡白城大安海坨风电二期49.5MW工程项目,大安海坨风电场二期工程项目
2239,瑞朗经贸绥化安达老虎岗风电49.5MW工程项目,0
2243,瑞朗经贸大庆杜尔伯特拉弹泡风电300MW工程项目,0
2274,全通畅海西大柴旦锡铁山风电一期49.5MW工程项目,0
2278,全通畅海西大柴旦锡铁山风电49.5MW工程项目,0
2295,清水白驼镇风电场项目,0
2310,青海黄河中型水电开发有限责任公司海南共和切吉一中队49.5兆瓦风力发电项目,0
2353,前海集田南通如东风电示范100MW工程项目,0
2374,莆田石城海上风电场项目,0
2381,莆田平海湾海上风电场F区项目,0
2397,平潭青峰二期风电场项目,平潭青峰风电场
2406,平鲁区石堂山三期风电场工程项目,0
2409,平鲁区红石峁风电项目,0
2422,平顶山德润新能源叶县保安分散式风电场,0
2548,宁夏落石滩风电一期49.5MW风力发电工程,0
2562,宁夏红寺堡风电场(石板泉)国电一期49.5MW工程项目,宁夏红寺堡风电场（石板泉）国电一期49.5MW工程项目
2563,宁夏红寺堡风电场(石板泉)国电二期49.5MW工程项目,宁夏红寺堡风电场（石板泉）国电二期49.5MW工程项目
2654,内蒙古自治区翁旗松山区风能区玻力克风电场一期风力发电试点项目,内蒙古自治区翁旗、松山区风能区玻力克风电场一期风力发电试点项目
2657,内蒙古自治区突泉牤牛海二期风力发电项目,内蒙古自治区突泉牤牛海二期风电项目
2665,内蒙古自治区赤峰市克什克腾旗朗诚瑞风电力发展有限公司上头地风电场一期4.9万千瓦风力发电项目,克什克腾旗风能区上头地风电场一期4.9万千瓦风力发电项目
2672,内蒙古乌兰察布小南营项目,内蒙古乌兰察布龙源兴和小南营风电项目
2682,内蒙古天翊达达茂旗5万千瓦风电供热项目,0
2688,内蒙古能源包头达茂旗达茂巴音2号风电201MW工程项目,0
2723,内蒙古华晨新能源有限责任公司固阳红泥井10万千瓦风电,内蒙古华晨新能源有限责任公司固阳红泥井10万千瓦风电项目
2725,内蒙古恒润新能源有限责任公司乌兰察布察右中旗大板梁风电场一期49.5MW工程,0
2739,内蒙古富强风力发电有限公司伊和乌素风电场49.5MW风电建设项目,内蒙古富强风力发电有限公司鄂尔多斯市杭锦旗伊和乌素风电场49.5MW风电项目
2763,内蒙古大漠风电有限责任公司杭锦旗乌吉尔风电场一期49.5MW风电项目,内蒙古大漠风电有限责任公司杭锦旗乌吉尔风电场一期49.5兆瓦风电项目
2766,内蒙古北方龙源风力发电有限责任公司乌拉特前旗沙德格风电场50MW风电项目,0
2804,纳雍县大滥坝风电场 ,纳雍县大滥坝风电场
2826,明阳桂林恭城西岭风电49.5MW工程项目,0
2827,明阳沧州黄骅骅南风电一期100MW工程项目,0
2831,闽电白城洮北富裕风电49.5MW工程项目,0
2839,渑池凤凰山风电场,华能河南分公司渑池凤凰山风电场项目
2848,蒙东协合扎鲁特旗阿日昆都楞四期风电供热项目,0
2886,麻城纯阳山80MW风电场工程,0
2888,绿象科技遵义团溪风电48MW工程项目,0
2903,鲁能东营48MW风电项目,0
2928,龙源兴和县小南营风电场49.5MW风电项目,0
2947,龙源满都拉诺尔风电场49.5MW项目,龙源达茂风力发电有限公司满都拉诺尔风电场49.5MW项目
3002,龙源达茂旗满都拉风电场49.5MW风电项目,达茂旗满都拉风电场一期49.5MW项目
3067,灵丘凤凰山风电项目,灵丘凤凰山49.5MW风电场项目
3070,临湘市荆竹山风电场,临湘市荆竹山风电场工程
3071,临西运河200兆瓦风电项目一期,临西县润广新能源科技有限公司临西运河200兆瓦风电项目
3076,临朐天融风力发电有限公司,0
3079,临港海上风电一期示范项目,上海临港海上风电一期示范项目6MW样机工程
3081,林西一号风场新林1.2万千瓦分散式接入风电项目,0
3082,林西坝上9MW分散式接入风电项目,0
3114,辽能铁岭开原业民风电49.5MW工程项目,0
3115,辽能铁岭昌图风电49.5MW工程项目,0
3116,辽能阜新马牛虎风电49.5MW工程项目,0
3117,辽能阜新古力本皋风电49.5MW工程项目,0
3120,辽能朝阳建平万家营子风电49.5MW工程项目,朝阳市建平万家营子风电场工程项目
3125,涟水六塘河公兴河风电场项目,涟水六塘河、公兴河风电场项目
3126,连州市龙坪镇、星子镇100MW风力发电项目,0
3128,励志笃行开封开封祥符区风电48MW工程项目,0
3129,立宏大庆萨尔图风云风电49.5MW工程项目,0
3134,克腾创建赤峰克旗达里1号风电1.2MW工程项目,0
3138,康平华源风电有限公司辽宁康平县辛屯风电场50MW工程,0
3140,凯里市万潮风电场项目 ,凯里市万潮风电场项目
3141,凯迪运城平陆风口风电二期49.5MW工程项目,凯迪平陆风口风电场二期49.5兆瓦风电项目
3142,凯迪阜新东山风电49.5MW工程项目,东山风电二期扩建49.5MW风电特许权项目
3147,九鼎赤峰克旗上窝铺风电一期49.5MW工程项目,0
3148,京能榆林府谷田家寨风电49.5MW工程项目,京能榆林府谷县田家寨49.5MW风电项目
3149,京能银川灵武宁东风电四期50MW工程项目,京能灵武宁东风电场四期项目
3150,京能兴安盟乌兰浩特和马场风电一期49.5MW工程项目,0
3151,京能兴安盟乌兰浩特和马场风电二期49.5MW工程项目,0
3152,京能兴安盟乌兰浩特和马场风电300MW工程项目,0
3159,京能锡林郭勒盟正镶白旗哲里根图风电一期49.5MW工程项目,0
3161,京能锡林郭勒盟正镶白旗哲里根图风电二期49.5MW工程项目,0
3162,京能锡林郭勒盟镶黄旗文贡乌拉风电一期49.5MW工程项目,北京京能新能源有限公司黄旗文贡乌拉风电场一期49.5MW风电项目
3163,京能锡林郭勒盟苏尼特右旗朱日和风电49.5MW工程项目,国电中商苏尼特右旗风电有限公司朱日和风电场49.5MW风电项目
3164,京能锡林郭勒盟苏尼特右旗赛汗风电三期49.5MW工程项目,0
3166,京能锡林郭勒盟苏尼特右旗赛汗风电二期49.5MW工程项目,0
3168,京能乌兰察布察右中旗辉腾锡勒风电扩建30MW工程项目,0
3170,京能乌兰察布察右后旗辉腾锡勒风电49.5MW工程项目,察右后旗辉腾锡勒5号风场-红木脑包风电场一期49.5MW风电项目
3171,京能通辽霍林郭勒霍林河B区风电一期49.5MW工程项目,0
3172,京能农六师北塔山风电一期49.5MW工程项目,京能六师北塔山风电场一期49.5兆瓦项目
3173,京能农六师北塔山风电二期49.5MW工程项目,京能六师北塔山风电场二期49.5兆瓦项目
3174,京能宁夏中宁县喊叫水风电项目,京能宁夏中宁县喊叫水150MW风电项目
3178,京能赤峰右旗翁根山风电49.5MW工程项目,0
3180,京能赤峰翁旗旗杆风电49.5MW工程项目,0
3181,京能北京延庆官厅风电一期49.5MW工程项目,0
3188,京能北京延庆官厅风电三期49.5MW工程项目,北京鹿鸣山官厅风电场三期49.5兆瓦工程
3189,京能北京延庆低风速风电15MW工程项目,0
3197,金厦锦州凌海大兴隆山风电一期10.5MW工程项目,0
3203,金厦锦州凌海大兴隆山风电10.5MW工程项目,0
3205,金能电力赤峰松山上地风电49.5MW工程项目,0
3208,金能电力赤峰松山蔡家沟风电49.5MW工程项目,0
3211,金能电力赤峰克旗新开地风电50MW工程项目,0
3212,金杰实业包头达茂旗石宝镇分散式风电20MW工程项目,0
3215,金杰实业包头达茂旗分散式风电二期20MW工程项目,0
3217,金风淄博淄川摘星山风电49.5MW工程项目,0
3218,金风运城绛县冷口乡风电二期42MW工程项目,0
3219,金风盐城大丰风电机样6MW工程项目,0
3226,金风盐城大丰风电机样3MW工程项目,0
3227,金风盐城大丰风电2.2MW工程项目,0
3228,金风乌鲁木齐达坂城风电试验49.5MW工程项目,新疆乌鲁木齐达坂城华冉风力发电场一期49.5MW工程项目
3229,金风七台河勃利驼腰子风电49.5MW工程项目,0
3230,金风科技分散式6MW样机项目,0
3231,金风酒泉瓜州柳园风电二期49.5MW工程项目,天润酒泉瓜州柳园试验风电场49.5MW发电工程
3232,金风荆州石首桃花山风电49.5MW工程项目,0
3234,金风锦州义县下山口风电50MW工程项目,0
3235,金风锦州义县留龙沟风电新建49.5MW工程项目,0
3236,金风锦州义县聚粮屯风电48MW工程项目,0
3237,金风济南章丘风电50MW工程项目,0
3238,金风哈密十三间房风电一期49.5MW工程项目,华电哈密十三间房风电场一期49.5兆瓦风电项目
3240,金风哈密十三间房风电四期49.5MW工程项目,哈密十三间房风电场四期49.5兆瓦风电项目
3241,金风哈密十三间房风电二期49.5MW工程项目,华电哈密十三间房风电场二期49.5兆瓦风电项目
3243,金风哈密七C风电200MW工程项目,0
3244,金风德州夏津风电100MW工程项目,德州润津夏津100MW风电场项目
3245,金风朝阳杨树湾风电47.5MW工程项目,0
3246,金风包头达茂旗朱日和风电49.5MW工程项目,0
3247,金风包头达茂旗乌兰敖包风电49.5MW工程项目,0
3248,金风包头达茂旗巴音风电二期49.5MW工程项目,0
3249,金风阿勒泰风电一期49.5MW工程项目,0
3250,金风阿拉善盟阿左旗风电49.5MW工程项目,0
3255,江阴弘远锡林郭勒盟多伦风电20MW工程项目,0
3257,江西定南云台山风电项目,0
3277,江苏如东150MW海上(潮间带)示范风电场项目,江苏龙源如东150MW潮间带风电示范项目
3279,江苏金海新能源发电有限公司芦蒲镇9MW分散式风电项目,0
3285,嘉泽吴忠同心风电一期300MW工程项目,0
3286,嘉泽吴忠红寺堡风电示范6MW工程项目,0
3294,吉鑫沧州盐山宣惠河风电60MW工程项目,宏润沧州盐山宣惠河60MW风电项目
3299,吉鑫沧州盐山宣惠河风电40MW工程项目,宏润沧州盐山宣惠河40MW风电项目
3301,吉林风力白城通榆风电45.06MW工程项目,0
3303,浑源县驼峰乡一期风电项目,浑源县驼峰乡一期50MW风电项目
3307,汇鑫创业大连瓦房店土城子岛里风电30MW工程项目,0
3310,辉煌枣强县风电场项目,0
3327,华仪鸡西平岗风电49.5MW工程项目,鸡西平岗风电场工程项目
3329,华业智能玉林博白马子岭风电50MW工程项目,0
3335,华润淄博沂源凤凰山风电一期50MW工程项目,0
3337,华润驻马店泌阳中天风电49.4MW工程项目,华润新能源驻马店泌阳中天49.4MW风力发电项目
3340,华润中卫海原西华山风电50MW工程项目,华润中卫海原西华山50MW风电场项目
3342,华润中卫海原西华山风电250MW工程项目,华润中卫海原西华山风电场250MW项目
3345,华润枣阳平林二期风电场(特许权项目),华润枣阳平林风电场二期项目
3346,华润玉林容县杨村风电一期48MW工程项目,华润容县杨村风电场一期工程
3347,华润玉林容县杨村风电二期48MW工程项目,华润新能源玉林容县杨村二期48MW风电项目
3351,华润阳江阳西菩提山风电49.8MW工程项目,华润新能源阳西菩提山49.8MW风电项目
3354,华润阳高长城三期风电项目,华润阳高长城风电场三期3万千瓦风电项目
3355,华润烟台蓬莱大辛店风电49.8MW工程项目,华润电力风能蓬莱大辛店一期49.8MW风电场工程
3356,华润烟台蓬莱大柳行风电49.8MW工程项目,华润电力风能蓬莱大柳行一期49.8MW风电场项目
3358,华润烟台海阳东方风电一期49.8MW工程项目,0
3363,华润烟台海阳东方风电二期49.8MW工程项目,0
3364,华润新荣镇川堡风电项目,华润新荣镇川堡6万千瓦风电项目
3370,华润新能源舞钢祥龙风电场36MW项目,华润新能源舞钢祥龙风电场项目
3450,华润忻州原平云中山风电120MW工程项目,0
3451,华润襄阳枣阳太平风电49.5MW工程项目,0
3456,华润襄阳枣阳平林风电30MW工程项目,华润枣阳平林风电场工程项目
3460,华润襄阳枣阳白鹭风电20MW工程项目,华润枣阳平林风电场二期项目
3461,华润襄阳枣阳白鹤风电49.8MW工程项目,0
3463,华润襄阳宜城喜山风电100MW工程项目,华润宜城喜山风电场工程项目
3465,华润襄阳宜城板桥风电49.8MW工程项目,华润风电宜城板桥风电项目
3467,华润乌兰察布察右后旗巴音锡勒风电一期49.5MW工程项目,察右后旗华润巴音锡勒风电场一期49.5MW工程项目
3469,华润乌兰察布察右后旗巴音锡勒风电五期49.5MW工程项目,华润新能源（乌兰察布红牧）风能有限公司察右后旗巴音锡勒风电场五期49.5MW项目
3470,华润乌兰察布察右后旗巴音锡勒风电三期49.5MW工程项目,华润新能源（乌兰察布）风能有限公司察右后旗巴音锡勒风电场三期49.5MW风电项目
3471,华润乌兰察布察右后旗巴音锡勒风电二期49.5MW工程项目,华润电力风能内蒙古巴音锡勒风电场二期49.5MW风电项目
3481,华润威海环翠经区风电49.8MW工程项目,华润电力风能威海经区49.8MW风电场一期工程
3482,华润威海环翠东兴风电二期49.8MW工程项目,0
3484,华润随州随县紫金山风电49.5MW工程项目,华润随县紫金山风电场工程项目
3485,华润随州随县香湾风电72MW工程项目,华润随县香湾风电场工程项目
3486,华润随州随县天河口风电49.5MW工程项目,华润随县天河口风电场项目工程
3490,华润随州随县黑石垛风电49.5MW工程项目,华润随州黑石垛风电场工程项目
3492,华润随州随县凤鸣风电28.5MW工程项目,0
3500,华润随州随县二妹山风电49.8MW工程项目,华润随州二妹山风电场工程项目
3501,华润随州广水竹园风电60MW工程项目,华润广水竹园风电场工程
3502,华润随州广水花山风电49.8MW工程项目,华润广水花山风电场工程项目
3508,华润韶关新丰金竹风电49.5MW工程项目,华润韶关新丰金竹风电场项目
3509,华润汕尾陆丰大埔风电49.6MW工程项目,华润新能源陆丰大埔49.6MW风电项目
3510,华润汕尾陆丰成美风电49.6MW工程项目,华润新能源陆丰成美49.6MW风电场工程项目
3511,华润汕头潮南沙陇风电49.5MW工程项目,潮南区沙陇49.5MW风电场项目
3514,华润汕头潮南雷岭风电49.3MW工程项目,潮南区雷岭49.3MW风电场项目
3515,华润汕头潮南成田风电49.5MW工程项目,潮南区成田49.3MW风电场项目
3516,华润日照五莲东风风电一期49.8MW工程项目,华润电力风能（五莲）东风风电场一期工程（49.8MW）
3517,华润日照五莲东风风电二期49.8MW工程项目,华润电力风能（五莲）东风风电场二期工程（49.8MW)
3518,华润日照莒县东宏风电一期49.8MW工程项目,华润电力风能（莒县）东宏风电场一期工程（49.8MW）
3521,华润日照莒县东宏风电三期48.6MW工程项目,华润电力风能(莒县)东宏风电场三期工程（48.6MW）
3522,华润日照莒东宏风电二期49.8MW工程项目,华润电力风能（莒县）东宏风电场二期工程（49.8MW)
3523,华润泉州惠安尖峰风电46MW工程项目,0
3524,华润庆阳环县甜水堡风电50MW工程项目,0
3525,华润清远连州燕喜风电49.8MW工程项目,华润新能源连州燕喜49.8MW风电场工程项目
3526,华润清远连州顺水风电49.8MW工程项目,华润连州顺水风电场项目
3527,华润清远连州双喜风电49.8MW工程项目,华润连州双喜风电场项目
3528,华润清远连州泉水风电49.8MW工程项目,华润清远连州泉山风电场项目
3530,华润青岛平度隆鑫风电一期49.8MW工程项目,0
3531,华润青岛平度隆鑫风电二期49.8MW工程项目,0
3533,华润黔东南黎平竹山风电48MW工程项目,0
3535,华润黔东南黎平顺化风电48MW工程项目,0
3536,华润黔东南剑河天堂界风电49.5MW工程项目,0
3537,华润南通如东东凌风电一期49.5MW工程项目,华润新能源如东东凌风电场一期工程
3538,华润南通如东东安风电二期21MW工程项目,华润南通如东东安风电场二期项目
3540,华润茂名信宜钱排风电49.5MW工程项目,华润新能源信宜钱排49.5MW风电场工程项目
3542,华润满洲里扎赉诺尔东豪风电一期49.5MW工程项目,华润满洲里东豪风电场一期49.5MW风电项目
3543,华润临沂沂水聚禄风电49.8MW工程项目,0
3544,华润临沂沂水风电49.8MW工程项目,0
3547,华润临沂费县风电80MW工程项目,0
3554,华润临汾浮山四十里岭风电99MW工程项目,0
3555,华润酒泉瓜州桥湾第一风电201MW工程项目,0
3557,华润九江瑞昌桃园风电二期56MW工程项目,0
3558,华润九江德安桃源风电48MW工程项目,0
3559,华润锦州凌海迎东风电49.5MW工程项目,0
3560,华润锦州凌海双井风电49.5MW工程项目,华润凌海双井风电场项目
3561,华润锦州凌海白台子风电49.5MW工程项目,华润凌海白台子风力发电项目
3563,华润揭阳惠来仙安风电49.5MW工程项目,华润电力风能惠来县仙安49.5MW风电项目
3564,华润揭阳惠来三清山风电49.6MW工程项目,华润惠来三清山49.6MW风电项目
3567,华润揭阳惠来关山风电49.6MW工程项目,0
3568,华润佳木斯尖山风电49.5MW工程项目,0
3569,华润佳木斯富锦东堤风电49.5MW工程项目,0
3570,华润济宁邹城长青风电49.8MW工程项目,0
3571,华润济宁邹城风电一期49.5MW工程项目,0
3576,华润赣州南康清田风电64MW工程项目,华润赣州南康清田风电场项目
3577,华润阜新阜新驿马池风电49.5MW工程项目,0
3578,华润阜新阜新怒河土风电49.5MW工程项目,0
3579,华润阜新阜新固本风电49.5MW工程项目,0
3587,华润东营垦利荣胜风电一期49.8MW工程项目,0
3588,华润电力海阳东方风电场(100MW)工程项目,0
3600,华润大同阳高长城风电二期49.5MW工程项目,0
3613,华润大同阳高长城风电49.5MW工程项目,0
3614,华润大同天镇神头山风电99MW工程项目,0
3615,华润大同天镇大梁山风电二期49.5MW工程项目,0
3616,华润大同天镇大梁山风电49.5MW工程项目,0
3617,华润大同广灵月明山风电一期49.5MW工程项目,0
3618,华润大同广灵月明山风电二期49.5MW工程项目,0
3619,华润滁州明光东山风电49.8MW工程项目,华润明光市东山风电场项目
3620,华润承德围场月亮山风电49.5MW工程项目,月亮山风电场华电二期49.5MW工程
3621,华润承德围场东坝梁风电49.5MW工程项目,0
3623,华润承德围场百花坡风电49.5MW工程项目,百花坡风电工程项目
3626,华润郴州临武岚桥官里风电48MW工程项目,华润郴州临武岚桥官里风电场项目
3629,华润郴州临武广宜风电49.9MW工程项目,华润郴州临武广宜风电场
3632,华润朝阳建平杨树岭风电49.5MW工程项目,0
3633,华润朝阳建平龙岗风电49.5MW工程项目,0
3639,华润朝阳北票涌泉风电99MW工程项目,华润北票涌泉风力发电项目
3640,华润朝阳北票向阳风电49.5MW工程项目,华润北票向阳风电项目
3641,华润朝阳北票存珠风电49.5MW工程项目,0
3644,华润宝鸡陇县丰台山风电100MW工程项目,0
3649,华清海西都兰路北村风电一期49.5MW工程项目,大雪山青海都兰路北村风电场一期（49.5MW）项目
3651,华能驻马店泌阳尖山风电50MW工程项目,华能驻马店尖山风电场
3655,华能驻马店泌阳郭集风电32MW工程项目,0
3656,华能重庆奉节金凤山风电110MW工程项目,华能重庆奉节金凤山风电场项目
3657,华能张家口涿鹿大堡风风电48MW工程项目,华能涿鹿大堡风电场48兆瓦工程项目
3658,华能张家口康保风电一期49.5MW工程项目,0
3659,华能张家口怀来风电一期49.5MW工程项目,0
3668,华能张家口怀来风电二期49.5MW工程项目,华能怀来风电场二期49.5MW工程
3671,华能湛江坡头海丰风电49.5MW工程项目,华能南三海丰风电场工程项目
3673,华能湛江廉江塘蓬风电49.5MW工程项目,华能廉江塘蓬风电场项目
3676,华能榆林靖边马畔梁风电50MW工程项目,华能靖边马畔梁风电场
3678,华能榆林靖边龙洲风电一期49.5MW工程项目,华能陕西靖边龙洲风电场一期工程
3681,华能榆林靖边龙洲风电四期49.5MW工程项目,华能陕西靖边龙洲风电场四期工程
3687,华能榆林靖边龙洲风电三期49.5MW工程项目,华能陕西靖边龙洲风电场三期工程
3688,华能榆林靖边龙洲风电二期49.5MW工程项目,华能陕西靖边龙洲风电场二期工程
3694,华能榆林定边杨井沈口子风电100MW工程项目,华能定边新能源发电公司定边杨井沈口子风电场工程项目
3695,华能榆林定边杨井风电一期50MW工程项目,华能新能源定边杨井风电场一期工程项目
3698,华能榆林定边杨井风电二期50MW工程项目,华能新能源定边杨井风电场二期工程项目
3699,华能榆林定边武峁子风电100MW工程项目,华能定边新能源发电公司定边武峁子风电场工程项目
3700,华能榆林定边狼尔沟风电一期9MW工程项目,华能新能源定边狼尔沟风电场一期工程
3701,华能榆林定边狼尔沟风电二期9MW工程项目,华能新能源定边狼尔沟风电场二期工程
3705,华能榆林定边红柳沟、郝滩、周台子、白湾子分散式分散式风电39.6MW工程项目,0
3706,华能榆林定边郝滩风电50MW工程项目,华能陕西发电公司定边郝滩风电场50MW工程
3708,华能榆林定边大沙湾风电50MW工程项目,华能陕西发电公司定边大沙湾风电场50MW工程
3710,华能营口盖州青石岭风电49.5MW工程项目,0
3711,华能阳江阳东新洲风电49.5MW工程项目,华能阳江新洲风电场工程项目
3712,华能阳江阳东东平风电49.5MW工程项目,华能阳江东平风电场工程项目
3713,华能阳江阳东大龙顶风电49.5MW工程项目,华能新能源阳江阳东大龙顶风电场项目
3716,华能烟台蓬莱大柳行风电一期49.8MW工程项目,华润电力风能蓬莱大柳行一期49.8MW风电场项目
3717,华能烟台蓬莱大柳行风电二期49.8MW工程项目,华能蓬莱大柳行风电项目二期工程
3718,华能烟台莱州风电二期49.5MW工程项目,华电莱州薛家风电场（49.8MW）工程项目
3721,华能烟台莱州叼龙嘴风电一期48.75MW工程项目,0
3723,华能烟台海阳郭城风电49.5MW工程项目,华能新能源海阳郭城风电场一期工程项目
3724,华能徐州铜山风电49.5MW工程项目,华能徐州铜山风电场项目
3725,华能兴安盟科右中旗白音努拉风电49.5MW工程项目,0
3726,华能忻州原平段家堡风电一期49.5MW工程项目,华能原平段家堡风电场一期（49.5MW）工程
3727,华能忻州原平段家堡风电二期49.5MW工程项目,华能原平段家堡风电场二期（49.5MW）工程
3728,华能忻州五台峨岭风电49.5MW工程项目,华能五台峨岭风电场49.5MW风力发电项目
3729,华能忻州神池温家山风电100MW工程项目,华能神池温家山（100MW）风电项目
3730,华能忻州神池太平庄风电49.5MW工程项目,0
3731,华能忻州偏关黑家庄风电49.5MW工程项目一期,华能偏关黑家庄风电场一期（49.5MW）工程
3732,华能忻州偏关黑家庄风电49.5MW工程项目二期,华能偏关黑家庄风电场二期（49.5MW）工程
3736,华能忻州宁武马坊风电一期49.5MW工程项目,华能宁武东马坊一期49.5MW风电项目
3737,华能忻州宁武马坊风电三期49.5MW工程项目,0
3738,华能忻州宁武马坊风电二期49.5MW工程项目,华能宁武东马坊二期49.5MW风电项目
3739,华能忻州繁峙小庄风电二期49.5MW工程项目,华能繁峙小庄（砂河二期）49.5兆瓦风电项目
3740,华能忻州繁峙上狼涧风电一期49.5MW工程项目,华能繁峙上狼涧(砂河一期)49.5兆瓦风力发电项目
3745,华能湘乡梅桥镇风电项目,华能湘乡市梅桥镇风电场
3746,华能锡林郭勒盟锡林浩特灰腾梁风电300MW工程项目,0
3747,华能锡林郭勒盟苏尼特朱日和风电49.5MW工程项目,北方龙源锡盟苏尼特右旗朱日和风电场49.5MW发电工程
3748,华能锡林郭勒盟阿巴嘎旗灰腾梁风电49.5MW工程项目,中水建设锡盟阿巴嘎旗灰腾梁风电场二期49.5MW发电工程
3752,华能乌兰察布化德通顺风电二期49.5MW工程项目,0
3755,华能乌兰察布化德风电一期49.5MW工程项目,0
3760,华能乌兰察布化德风电49.5MW工程项目,0
3761,华能乌兰察布察右中旗辉腾锡勒风电24MW工程项目,北方龙源乌兰察布察右中旗辉腾锡勒风电场24MW发电工程
3768,华能乌兰察布察右中旗辉腾锡勒风电100MW工程项目,辉腾锡勒风电场100MW世行贷款项目
3771,华能乌兰察布察右后旗辉腾锡勒风电68.5MW工程项目,0
3772,华能乌兰察布察哈尔辉腾锡勒风电40.5MW工程项目,北方龙源乌兰察布察右中旗辉腾锡勒风电场40.5MW发电工程
3778,华能潍坊寿光风电三期49.5MW工程项目,0
3780,华能潍坊寿光风电二期49.5MW工程项目,0
3781,华能潍坊寿光风电49.5MW工程项目,华能寿光风力发电工程项目
3782,华能潍坊寒亭滨海风电49.5MW工程项目,中海油潍坊滨海风电项目一期49.5MW工程
3783,华能潍坊昌邑第一风电49.5MW工程项目,华能昌邑第一风力发电工程
3784,华能潍坊昌邑第二风电49.5MW工程项目,华能昌邑第一风力发电工程
3790,华能威海荣成风电一期19.5MW工程项目,0
3794,华能威海荣成风电试验机组6MW工程项目,0
3799,华能威海荣成风电二期49.5MW工程项目,0
3800,华能威海荣成楮岛风电48MW工程项目,华能荣成宁津楮岛风电场工程
3801,华能吐鲁番托克逊白杨河风电三期49.5MW工程项目,华能托克逊白杨河风电场三期49.5MW风电项目
3802,华能通辽科左中旗珠日河风电一场二期49.5MW工程项目,华能通辽科左中旗珠日河风电场一场二期（49.5MW）工程
3803,华能通辽科左中旗浩日格吐风电300MW工程项目,0
3804,华能通辽科左中旗达古拉风电49.5MW工程项目,华能通辽科左中旗珠日河风电场一场二期（49.5MW）工程
3807,华能通辽科左中旗宝龙山风电三期49.5MW工程项目,0
3815,华能通辽科左中旗宝龙山风电28.5MW工程项目,0
3816,华能通辽科左后旗努古斯台景观风电100.5MW工程项目,0
3818,华能通辽科左后旗哈伦呼都嘎风电49.5MW工程项目,0
3819,华能通辽开鲁建华风电300MW工程项目,华能通辽开鲁建华300MW后续200MW风电项目
3821,华能铁岭铁岭平顶堡风电49.5MW工程项目,华能铁岭平顶堡49.5MW风电场工程
3822,华能铁岭昌图头道风电114MW工程项目,华能铁岭头道114MW风电场工程
3824,华能铁岭昌图太平风电新建49.5MW工程项目,华能昌图太平风电场新建工程
3827,华能铁岭昌图老城风电48MW工程项目,0
3828,华能铁岭昌图大兴风电49.5MW工程项目,华能铁岭大兴49.5MW风电场工程
3829,华能唐山乐亭风电49.5MW工程项目,0
3830,华能随州随县界山风电二期72MW工程项目,华能随县界山风电场二期
3832,华能四平双辽鑫丰风电一期49.5MW工程项目,华能四平鑫丰风电场一期（49.5MW）
3833,华能四平双辽鑫丰风电四期49.5MW工程项目,华能四平鑫丰风电场四期（49.5MW）
3834,华能四平双辽鑫丰风电三期48MW工程项目,华能四平鑫丰风电场三期（48MW）
3837,华能四平双辽鑫丰风电二期49.5MW工程项目,华能四平鑫丰风电场二期（49.5MW）
3841,华能上海崇明前卫风电二期扩建48MW工程项目,上海崇明前卫风力发电项目扩建工程
3843,华能汕尾陆丰上坪石风电49.5MW工程项目,华能陆丰上坪石风电场项目
3844,华能汕尾陆丰南寮风电49.5MW工程项目,华能陆丰南寮风电场项目
3845,华能汕头南澳风电一期10MW工程项目,华能南澳风电场一期工程
3847,华能汕头南澳风电15MW工程项目,华能南澳东岛风电场工程项目
3850,华能曲靖富源胜境风电48MW工程项目,0
3851,华能青岛即墨丰城风电一期49.5MW工程项目,华能即墨丰城风电场一期工程
3852,华能濮阳风电500MW工程项目,0
3857,华能盘锦大洼风电49.5MW工程项目,0
3858,华能南通如东风电48MW工程项目,0
3860,华能南通启东风电二期94MW工程项目,华润南通如东东安风电场二期项目
3861,华能南通启东风电91.5MW工程项目,0
3864,华能六盘水盘县老黑山风电49.5MW工程项目,0
3866,华能六盘水盘县黄白箐风电49.5MW工程项目,0
3871,华能临沂沂水马站镇风电一期49.5MW工程项目,华能山东省沂水县马站镇风电场（一期49.5MW）工程项目
3872,华能凉山昭觉洛尔风电49.5MW工程项目,华能昭觉洛尔风电场项目
3876,华能凉山会理长海子风电49.5MW工程项目,0
3879,华能凉山会理三地风电49.5MW工程项目,0
3881,华能凉山会理红旗风电49.5MW工程项目,华能会理红旗风电场项目
3882,华能凉山布拖乐安风电49.5MW工程项目,0
3888,华能凉山布拖火烈风电49.5MW工程项目,0
3890,华能丽水云和黄源风电34.5MW工程项目,华能云和黄源风电场项目
3893,华能酒泉瓜州干河口第二风电199.5MW工程项目,0
3896,华能酒泉瓜州第二风电400MW工程项目,0
3897,华能酒泉风电有限责任公司瓜州干河口北50兆瓦风电平价上网示范项目,0
3898,华能九江都昌蒋公岭风电48MW工程项目,华能蒋公岭风电场项目
3899,华能九江都昌湖沙咀风电26MW工程项目,0
3900,华能荆门钟祥胡家湾风电150MW工程项目,华能钟祥胡家湾风电场
3905,华能锦州义县老龙口风电49.5MW工程项目,华能锦州义县老龙口风电场
3907,华能锦州义县后尖山风电49.5MW工程项目,华能义县后尖山风力发电项目
3912,华能佳木斯同江三江口风电49.5MW工程项目,0
3913,华能佳木斯同江临江风电49.5MW工程项目,0
3924,华能佳木斯同江街津山风电49.5MW工程项目,华能同江街津山风力发电场项目
3928,华能佳木斯同江江胜风电49.5MW工程项目,0
3929,华能吉安永丰灵华山风电二期52MW工程项目,0
3932,华能吉安永丰灵华山风电48MW工程项目,0
3934,华能吉安永丰高龙山风电80MW工程项目,0
3935,华能怀化洪江苏宝顶风电150MW工程项目,华能湖南怀化洪江苏宝顶风电场
3936,华能湖南连坪风电场,华能湖南连坪风电场项目
3937,华能呼伦贝尔海拉尔小良风电49.5MW工程项目,0
3939,华能呼伦贝尔陈旗大良风电49.5MW工程项目,0
3941,华能呼和浩特武川乌兰不浪风电49.5MW工程项目,华能武川乌兰不浪4.95万千瓦风电项目
3942,华能呼和浩特武川李汉梁风电一期49.5MW工程项目,0
3944,华能呼和浩特武川李汉梁风电二期49.5MW工程项目,0
3949,华能呼和浩特武川后湾兔风电49.5MW工程项目,0
3950,华能贺州富川蚊帐岭风电100MW工程项目,富川蚊帐岭风电场工程
3952,华能贺州富川金子岭风电49.5MW工程项目,华能富川金子岭风电场工程
3953,华能贺州富川邓家坝风电50MW工程项目,富川邓家坝风电场工程
3954,华能哈密巴里坤三塘湖三C风电200MW工程项目,0
3957,华能哈密巴里坤三塘湖风电一期49.5MW工程项目,华能新疆哈密巴里坤三塘湖风力发电一场一期
3958,华能哈密巴里坤三塘湖风电二期49.5MW工程项目,华能新疆哈密巴里坤三塘湖二期
3959,华能哈密巴里坤三塘湖风电二场一期49.5MW工程项目,华能巴里坤三塘湖风电场二场一期49.5兆瓦风电项目
3961,华能阜新彰武彰北风电三期100.5MW工程项目,0
3965,华能阜新彰武彰北风电300MW工程项目,0
3966,华能阜新新邱高山子风电一期100.5MW工程项目,0
3967,华能阜新阜新扎兰风电49.5MW工程项目,0
3968,华能阜新阜新良官营子风电49.5MW工程项目,0
3970,华能阜新阜新阜北风电二期300MW工程项目,0
3971,华能东营利津风电一期49.5MW工程项目,华能利津风力发电工程一期49.5MW
3972,华能东营河口风电一期49.5MW工程项目,华能河口风力发电工程一期49.5MW项目
3973,华能东营河口风电五期49.5MW工程项目,华能新能源东营河口风电场五期工程项目
3974,华能东营河口风电四期49.5MW工程项目,华能东营河口风电场四期工程
3975,华能东营河口风电三期49.5MW工程项目,华能东营河口风电场三期工程
3976,华能东营河口风电六期49.5MW工程项目,华能新能源东营河口风电场六期工程项目
3983,华能东营河口风电二期49.5MW工程项目,华能东营河口风电场二期工程
3985,华能定西通渭义岗风电200MW工程项目,0
3986,华能定西通渭华家岭风电一期49.5MW工程项目,华能通渭华家岭一期49.5兆瓦风电场
3996,华能定西通渭华家岭风电二期49.5MW工程项目,华能通渭华家岭二期49.5兆瓦风电场
3998,华能大同天镇武家山风电二期49.5MW工程项目,华能天镇武家山风电场二期49.5兆瓦风力发电项目
4000,华能大同天镇武家山风电49.5MW工程项目,华能天镇武家山49.5兆瓦风力发电项目
4001,华能大庆大同兴隆风电49.5MW工程项目,0
4003,华能大庆大同新立风电48MW工程项目,0
4004,华能大庆大同新海风电49.5MW工程项目,0
4005,华能大庆大同五棵树风电48MW工程项目,大庆五棵树风电场工程
4006,华能大庆大同和平风电48MW工程项目,0
4007,华能大庆大同敖包风电48MW工程项目,0
4008,华能大连瓦房店赵屯风电48MW工程项目,华能瓦房店赵屯风电场
4009,华能大理祥云杨家房风电36MW工程项目,大理祥云杨家房风电场
4010,华能大理五子坡风电49.5MW工程项目,0
4011,华能大理巍山沙帽山风电48MW工程项目,0
4012,华能大理巍山清水沟风电49.5MW工程项目,0
4013,华能大理巍山扁担山风电48MW工程项目,0
4014,华能大理骑马山风电49.5MW工程项目,大理骑马山风电场项目
4015,华能大理鹤庆马厂风电49.5MW工程项目,0
4016,华能大理洱源马鞍山风电49.5MW工程项目,0
4017,华能大理洱源黄草坡风电49.5MW工程项目,0
4018,华能大理洱源观音山风电39MW工程项目,0
4019,华能大理洱源干海子风电40.5MW工程项目,0
4020,华能大理洱源凤华山风电49.5MW工程项目,0
4021,华能大理洱源大龙潭风电49.5MW工程项目,0
4022,华能大理大风坝风电48MW工程项目,0
4024,华能达坂城风电一期49.5MW工程项目,华能达坂城风电场一期49.5兆瓦风电项目
4034,华能赤峰克旗书声风电300MW工程项目,0
4035,华能承德围场牧场西北部风电200MW工程项目,0
4036,华能郴州桂东黄泥湖风电36MW工程项目,0
4037,华能郴州桂东寒口风电48MW工程项目,华能郴州桂东寒口风电场
4038,华能潮州饶平所城风电49.5MW工程项目,华能饶平所城风电场工程项目
4042,华能潮州饶平大埕风电49.5MW工程项目,华能饶平大埕风电场工程项目
4044,华能滨州沾化清风湖风电100MW工程项目,0
4045,华能毕节威宁七里半风电C区48MW工程项目,0
4046,华能毕节威宁高峰风电49.5MW工程项目,0
4047,华能毕节赫章韭菜坪风电一期49.5MW工程项目,0
4049,华能毕节赫章韭菜坪风电二期49.5MW工程项目,0
4065,华能毕节赫章大韭菜坪风电49.5MW工程项目,0
4066,华能保山昌宁松子山风电49.5MW工程项目,0
4071,华能包头新能源发电有限公司包头市清洁供暖5万千瓦风电项目,华能包头市清洁供暖5万千瓦风电项目
4072,华能包头达茂旗风电一期49.5MW工程项目,0
4073,华能包头达茂旗风电二期49.5MW工程项目,0
4074,华能包头达茂旗巴音3号风电201MW工程项目,华能达茂巴音3号风电场
4077,华能白城镇赉马力风电一期49.5MW工程项目,镇赉马力风电场一期工程项目
4078,华能白城镇赉马力风电二期49.5MW工程项目,镇赉马力风电场二期工程项目
4080,华能白城通榆新华1F风电49.5MW工程项目,华能通榆新华1F风场（49.50MW）工程
4082,华能白城通榆新华1E风电49.5MW工程项目,华能通榆新华1E风场（49.50MW）工程
4083,华能白城通榆新华1D风电49.5MW工程项目,华能通榆新华1D风电场（49.5MW）工程
4085,华能白城通榆新华1C风电49.5MW工程项目,华能通榆新华1C风场（49.5MW）工程
4086,华能白城通榆新华1B风电49.5MW工程项目,华能通榆新华1B风电场（49.5MW）工程
4087,华能白城通榆新华1A风电49.5MW工程项目,华能通榆新华1A风电场（49.5MW)工程
4091,华能白城通榆团结C风电48MW工程项目,华能通榆团结C风场（48MW）
4092,华能白城通榆团结B风电49.5MW工程项目,华能通榆团结B风场（49.5MW）
4093,华能白城通榆团结A风电49.5MW工程项目,华能通榆团结A风电场（49.5MW）
4095,华能白城通榆风电一期100.5MW工程项目,华能吉林通榆风电特许权项目一期（100.5MW)工程
4097,华能白城通榆风电二期100.5MW工程项目,华能吉林通榆风电特许权项目二期（100.5MW）工程
4098,华能白城洮北风电一期49.3MW工程项目,华能吉林洮北风电场一期工程
4099,华能白城洮北风电四期49.5MW工程项目,华能洮北风电场四期工程
4103,华能白城洮北风电三期49.5MW工程项目,华能洮北风电场三期工程
4104,华能白城洮北风电二期扩建49.6MW工程项目,华能洮北风电场二期扩建工程项目
4108,华能巴彦淖尔乌后旗乌力吉风电49.5MW工程项目,国华能源有限公司巴彦淖尔乌拉特后旗乌力吉风电场二期49.5MW工程
4110,华能安庆怀宁石镜风电50MW工程项目,0
4111,华能阿勒泰青河风电一期49.5MW工程项目,华能青河风电场一期49.5兆瓦风电项目
4112,华能阿勒泰布尔津洪台风电一期49.5MW工程项目,华能布尔津托洪台风电场一期49.5兆瓦风电项目
4113,华能阿勒泰布尔津风电49.5MW工程项目,华能新能源布尔津风电场一期49.5MW项目
4115,华科张家口张北海子洼风电49.5MW工程项目,0
4117,华灏张家口张北风电一期49.5MW工程项目,0
4120,华灏张家口张北风电二期49.5MW工程项目,0
4121,华灏承德围场阴河风电48MW工程项目,0
4122,华灏承德围场四道沟风电48MW工程项目,0
4125,华灏承德围场三道沟风电48MW工程项目,0
4126,华灏承德围场德源风电49.5MW工程项目,0
4127,华灏沧州黄骅德润风电100MW工程项目,0
4128,华富牡丹江东宁瑞信风电49.5MW工程项目,0
4129,华富哈尔滨依兰鸡冠山风电一期49.5MW工程项目,0
4132,华富哈尔滨依兰鸡冠山风电二期49.5MW工程项目,0
4133,华电淄博淄川昆仑山风电一期48MW工程项目,华电淄川昆仑风电场一期工程
4135,华电淄博沂源徐家庄风电48MW工程项目,华电淄博沂源徐家庄风电场
4136,华电中卫海原三期风电200MW工程项目,0
4137,华电张家口尚义王悦梁风电一期49.5MW工程项目,华电尚义王悦梁风电场一期49.5MW工程
4140,华电张家口尚义王悦梁风电三期49.5MW工程项目,华电尚义王悦梁风电场三期49.5MW工程
4141,华电张家口尚义王悦梁风电二期49.5MW工程项目,华电尚义王悦梁风电场二期49.5MW工程
4142,华电张家口康保牧场风电100.5MW工程项目,0
4143,华电张家口康保大英图风电49.5MW工程项目,0
4144,华电张家口康保处长地风电一期49.5MW工程项目,0
4146,华电张家口沽源风电三期49.5MW工程项目,华电沽源风电场三期49.5兆瓦工程
4147,华电张家口沽源风电二期100.5MW工程项目,华电沽源风电场二期10万千瓦工程
4148,华电张家口沽源大脑包风电100.5MW工程项目,华电沽源大脑包100兆瓦风电场工程
4149,华电湛江徐闻前山风电49.5MW工程项目,0
4150,华电湛江徐闻华海风电49.5MW工程项目,华电国际湛江徐闻华海风电场项目
4154,华电枣庄台儿庄风电一期50MW工程项目,华电台儿庄风电场一期(50MW)工程优化增容项目
4156,华电银川灵武西火石风电49.5MW工程项目,0
4159,华电银川灵武宁东风电七期50MW工程项目,华电灵武宁东风电场七期项目
4161,华电银川二期风电100MW工程项目,0
4165,华电盐城滨海分布式风电示范201MW工程项目,0
4166,华电烟台龙口风电二期49.8MW工程项目,0
4167,华电烟台龙口风电49.5MW工程项目,0
4168,华电烟台莱州金城风电一期48MW工程项目,华电莱州金城风电场一期48MW工程（并网可再生能源发电工程）
4169,华电烟台莱州郭家店风电一期49.8MW工程项目,华电莱州郭家店风电场一期49.8MW项目
4171,华电烟台莱州郭家店风电二期49.8MW工程项目,华电莱州郭家店风电场二期49.8MW项目
4173,华电锡林郭勒盟正镶白旗乌宁巴图风电一期49.5MW工程项目,华电正镶白旗乌宁巴图风电场一期49.5MW风电项目
4181,华电乌鲁木齐达坂城风电一期49.5MW工程项目,新疆新能发展达坂城风电一期49.5MW工程
4182,华电乌鲁木齐达坂城风电二期49.5MW工程项目,华电达坂城风电场二期49.5兆瓦风电项目
4186,华电乌鲁木齐达坂城风电300MW工程项目,0
4188,华电乌兰察布察右中旗辉腾锡勒风电20MW工程项目,0
4193,华电乌兰察布察右中旗辉腾锡勒风电100MW工程项目,辉腾锡勒风电场100MW世行贷款项目
4196,华电乌兰察布察右翼旗辉腾锡勒2#风电扩建202.5MW工程项目,0
4197,华电潍坊昌邑胶莱河风电49.5MW工程项目,0
4198,华电潍坊昌邑风电二期48MW工程项目,华电瑞其能潍坊昌邑风电场二期工程
4203,华电威海乳山崖子镇风电48MW工程项目,华电威海乳山崖子镇风电场工程项目
4204,华电通辽科左中旗代力吉南风电一期49.5MW工程项目,科左中旗华电国际代力吉南风电场一期49.5MW项目
4207,华电通辽开鲁义和塔拉西风电一期49.5MW工程项目,华电开鲁义和塔拉（西）风电场一期49.5MW项目
4209,华电通辽开鲁义和塔拉风电二期49.5MW工程项目,0
4211,华电通辽开鲁富裕风电49.5MW工程项目,华电新能源通辽市开鲁县富裕风电场49.5MW风电项目
4212,华电铁岭镇西堡风电48MW工程项目,华电铁岭镇西堡风电场
4213,华电铁岭李家屯风电48MW工程项目,华电铁岭李家屯风电场
4214,华电泰安肥城桃园风电49.9MW工程项目,华电肥城桃园49.9MW风电项目
4216,华电台州黄岩风电42MW工程项目,0
4219,华电四平双辽那木斯风电一期49.5MW工程项目,华电双辽那木斯风电场一期工程
4220,华电沈阳康平上沙金台风电25.5MW工程项目,0
4221,华电泉州安溪青洋风电二期20MW工程项目,0
4222,华电泉州安溪青洋风电48.4MW工程项目,华电泉州安溪青洋风电场项目
4225,华电庆阳环县南湫风电四期49.5MW工程项目,0
4226,华电庆阳环县南湫风电三期49.5MW工程项目,0
4227,华电庆阳环县南湫风电二期49.5MW工程项目,环县南湫二期49.5兆瓦风电场项目
4228,华电庆阳环县南湫风电49.5MW工程项目,0
4229,华电庆阳环县毛井风电400MW工程项目,0
4230,华电青岛莱西南墅风电一期49.8MW工程项目,华电莱西南墅风电场一期工程项目
4231,华电牡丹江东宁西大岗山风电49.5MW工程项目,0
4232,华电龙岩连城石壁山风电48.3MW工程项目,0
4234,华电连云港灌云风电100MW工程项目,0
4236,华电连城石壁山（长峰）风电场,0
4237,华电昆明安宁孝母山风电166MW工程项目,0
4238,华电康保协合西营盘风电48MW工程项目,康保协合西营盘48兆瓦工程项目
4239,华电康保协合风电场一期工程48MW工程项目,康保协合风电场一期工程
4240,华电康保小英图风电49.5MW工程,华电康保小英图风电场49.5MW工程
4244,华电酒泉玉门麻黄滩第一风电第一批AB区400MW工程项目,0
4245,华电酒泉玉门黑崖子风电二期48MW工程项目,华电甘肃玉门黑崖子二期风电场项目
4248,华电酒泉玉门黑崖子风电48MW工程项目,甘肃华电玉门黑崖子风电场一期48MW工程
4254,华电酒泉瓜州干河口第八风电201MW工程项目,0
4255,华电酒泉阿克塞当金山风电试验49.5MW工程项目,0
4256,华电酒泉阿克塞当金山风电二期49.5MW工程项目,阿克塞县当金山二期49.5兆瓦风电场项目
4258,华电佳木斯汤原渠首风电49.5MW工程项目,0
4259,华电鸡西虎林石青山风电一期45MW工程项目,虎林石青山风电场一期工程
4260,华电鸡西虎林石青山风电二期49.5MW工程项目,盐池青山风电场国电二期49.5MW工程项目
4265,华电黄冈武穴大金风风电80MW工程项目,华电武穴大金风电场工程项目
4268,华电湖州长兴和平风电70MW工程项目,0
4273,华电湖州长兴弁山风电22MW工程项目,0
4274,华电红河蒙自朵古风电49.5MW工程项目,红河州蒙自市朵古风电场项目
4276,华电红河开远左美果风电40MW工程项目,开远左美果风电场项目
4277,华电红河开远鲁土白风电48MW工程项目,开远鲁土白风电场项目
4278,华电红河开远大黑山风电48MW工程项目,开远大黑山风电场项目
4280,华电红河个旧莲花山风电42MW工程项目,个旧莲花山风电场项目
4281,华电哈密伊吾淖毛湖风电一期49.5MW工程项目,华电伊吾淖毛湖风电场一期49.5兆瓦风电项目
4284,华电哈密伊吾淖毛湖风电二期49.5MW工程项目,华电伊吾淖毛湖风电场二期49.5兆瓦风电项目
4285,华电哈密十三间房风电49.5MW工程项目一期,华电哈密十三间房风电场一期49.5兆瓦风电项目
4289,华电哈密十三间房风电49.5MW工程项目三期,华电哈密十三间房风电场三期49.5兆瓦风电项目
4290,华电哈密十三间房风电49.5MW工程项目二期,华电哈密十三间房风电场二期49.5兆瓦风电项目
4291,华电哈密巴里坤风电一期49.5MW工程项目,0
4295,华电哈密巴里坤风电四期49.5MW工程项目,0
4302,华电哈密巴里坤风电三期49.5MW工程项目,0
4309,华电哈密巴里坤风电二期49.5MW工程项目,0
4310,华电哈尔滨木兰风电一期12MW工程项目,0
4314,华电固原西吉月亮山风电一期49.5MW工程项目,固原月亮山风电场华电一期49.5MW工程
4315,华电阜新彰武后新秋风电25.5MW工程项目,0
4319,华电福州连江风吹岭风电48MW工程项目,连江风吹岭风电场工程
4320,华电福州连江白云岭风电40MW工程项目,连江白云岭风电场项目
4321,华电福州福清青屿风电24MW工程项目,0
4322,华电福州福清牛头尾风电30MW工程项目,0
4324,华电福州福清鲤鱼山风电48MW工程项目,0
4325,华电福新永兴油麻46MW风电场项目,湖南华电福新永兴油麻46MW风电项目
4327,华电福新芜湖无为石涧50MW风电项目,0
4328,华电福新芜湖无为东山20MW项目,0
4332,华电大同广灵甸顶山风电一期49.5MW工程项目,0
4333,华电赤峰乌套海风电一期49.5MW工程项目,0
4335,华电郴州宜章太平里风电49.5MW工程项目,华电郴州宜章太平里风电场
4336,华电郴州宜章白石渡风电50MW工程项目,湖南华电郴州白石渡50MW风电项目
4338,华电郴州北湖仰天湖风电36.3MW工程项目,0
4339,华电巢湖无为万寨风电48MW工程项目,华电福新无为县万寨48MW风电场项目
4342,华电包头固阳红泥井风电一期49.5MW工程项目,0
4343,华电包头达茂旗巴音5号风电200MW工程项目,达茂巴音5号200MW风电场项目
4344,华电包头达茂旗巴音1号风电200MW工程项目,0
4345,华电白银靖远五合风电二期49.5MW工程项目,0
4346,华电白银靖远五合风电49.5MW工程项目,0
4348,华电白银靖远贾寨柯风电二期49.5MW工程项目,华电新能源靖远县五合贾寨柯二期49.5兆瓦风电场项目
4353,华电白银靖远贾寨柯风电49.5MW工程项目,0
4355,华电白银景泰马昌山风电二期49.5MW工程项目,景泰马昌山二期49.5兆瓦风电场项目
4356,华电白银景泰马昌山风电49.5MW工程项目,0
4359,华电白城大安风水山风电一期49.5MW工程项目,华电大安风水山风电场一期工程
4360,华电白城大安风水山风电三期48MW工程项目,大安风水山风电场三期工程
4361,华电白城大安风水山风电二期49.5MW工程项目,华电大安风水山风电场二期工程
4362,华电安庆大观风电49.8MW工程项目,0
4364,华电阿勒泰哈巴河风电一期49.5MW工程项目,哈巴河风电场一期49.5兆瓦风电项目
4365,华电阿勒泰布尔津风电一期49.5MW工程项目,华能新能源布尔津风电场一期49.5MW项目
4368,华电阿勒泰布尔津风电二期49.5MW工程项目,华电布尔津城南风电场二期49.5兆瓦风电项目
4369,华电阿勒泰布尔津城南风电二期49.5MW工程项目,华电布尔津城南风电场二期49.5兆瓦风电项目
4370,湖南省隆回县宝莲风电场,湖南省隆回宝莲风电场
4373,湖南江华河路口48风电项目,0
4374,湖南华电永州蓝山四海萍风电场一期100MW风电项目,湖南华电永州蓝山四海坪100MW风电项目
4380,湖南桂阳莲塘风电场,湖南省桂阳县莲塘风电场
4382,湖北能源咸宁通山九宫山风电一期13.6MW工程项目,0
4383,湖北能源荆门东宝象河风电100MW工程项目,荆门象河风电场工程项目
4386,湖北能源黄石筠山风电80MW工程项目,湖北能源集团黄石筠山风电场工程
4391,湖北能源黄冈麻城蔡家寨风电49.5MW工程项目,0
4392,湖北能源恩施利川双鹿风电49.5MW工程项目,湖北能源集团利川双鹿风电场工程项目
4393,湖北能源恩施利川齐岳山风电二期49.5MW工程项目,湖北利川齐岳山风电场二期工程
4394,湖北能源恩施利川齐岳山风电49.3MW工程项目,0
4395,湖北广水中华山二期(49.5MW)风电项目,0
4401,后宫乡分散式风电项目,0
4404,洪大松原扶余三井子风电一期49.5MW工程项目,扶余三井子风电场一期工程49.5MW项目
4406,洪大松原扶余三井子风电四期49.5MW工程项目,扶余三井子风电场四期工程
4408,洪大松原扶余三井子风电三期49.5MW工程项目,扶余三井子风电场三期工程
4409,洪大松原扶余三井子风电二期49.5MW工程项目,扶余三井子风电场二期工程
4410,洪大大庆杜尔伯特奶牛场风电49.5MW工程项目,0
4411,洪大大庆杜尔伯特胡吉吐莫风电49.5MW工程项目,0
4412,虹景环保包头固阳周喜才村风电一期49.5MW工程项目,0
4413,虹景环保包头固阳周喜才村风电二期49.5MW工程项目,0
4414,虹景环保包头固阳怀朔风电一期供热49.5MW工程项目,固阳县怀朔风电场一期49.5MW风电供热项目
4415,宏腾锡林郭勒盟西乌浩勒图风电49.5MW工程项目,0
4416,宏腾包头达茂旗百灵庙风电二期49.75MW工程项目,0
4421,宏腾包头达茂旗百灵庙风电49.5MW工程项目,0
4422,红松承德围场淞杉风电49.5MW工程项目,0
4423,红松承德围场润枫风电49.5MW工程项目,0
4424,红松承德围场沛枫风电49.5MW工程项目,0
4425,红松承德围场红松风电一期2.4MW工程项目,0
4426,红松承德围场红松风电五期49.5MW工程项目,0
4427,红松承德围场红松风电四期49.5MW工程项目,0
4430,红松承德围场红松风电二期49.5MW工程项目,0
4431,弘昌晟乌兰察布卓资巴音锡勒风电二期49.5MW工程项目,汇通能源乌兰察布市卓资巴音锡勒风电场二期49.5MW风电项目
4435,河南博爱风电项目,0
4437,河北建投张家口康保卧龙山风电二期49.5MW工程项目,0
4438,河北建投张家口沽源五花坪风电49.5MW工程项目,河北建投张家口沽源五花坪风电场49.5MW发电工程
4439,河北建投张家口沽源风电制氢技术示范200MW工程项目,0
4440,河北建投张家口沽源东辛营风电199.5MW工程项目,0
4444,河北建投张家口崇礼王山坝智慧风电示范100.5MW工程项目,崇礼王山坝智慧风电场示范项目100.5兆瓦工程
4446,河北建投张家口崇礼三营风风电三期49.3MW工程项目,0
4447,河北建投张家口崇礼三营风风电二期49.3MW工程项目,崇礼清三营风电场二期工程项目
4448,河北建投张家口崇礼三营风风电49.3MW工程项目,0
4452,河北建投秦皇岛昌黎大滩风电48MW工程项目,昌黎大滩风电场48MW工程
4453,河北建投红河建水七棵树风电100MW工程项目,0
4459,河北建投承德围场御道口牧场风电150MW工程项目,0
4464,河北建投承德围场如意河风电199.5MW工程项目,0
4466,河北建投承德水泉风电49.5MW工程项目,0
4467,河北建投沧州海兴风电49.5MW工程项目,0
4473,杭锦旗都城绿色能源有限公司100MW风电清洁供暖项目,杭锦旗100MW风电清洁供暖项目
4475,海太科巴彦淖尔乌后旗获各琦风电一期49.5MW工程项目,乌拉特后旗获各琦风电场一期49.5MW风电项目
4493,国信盐城射阳临海农场风电二期100MW工程项目,国信盐城射阳临海农场风电场二期
4494,国信盐城射阳临海农场风电49.5MW工程项目,国信盐城射阳临海农场风电场
4496,国信盐城东台弶港农场风电98MW工程项目,国信东台弶港农场风电场项目
4499,国信盐城大丰大中风电100MW工程项目,国信大丰大中100MW风电项目
4501,国信南通如东东凌风电一期70.5MW工程项目,0
4502,国信南通如东东凌风电二期扩建31.5MW工程项目,0
4507,国信南通如东东凌风电二期48MW工程项目,0
4511,国网张家口张北张尚风电示范400MW工程项目,0
4514,国网张家口张北研究检测中心试验基地风电50.8MW工程项目,0
4515,国网张家口张北小东梁风电49MW工程项目,0
4516,国网张家口张北孟家梁风电48.6MW工程项目,0
4517,国网张家口康保屯垦风电102MW工程项目,0
4518,国网乌鲁木齐达坂城风电二期54.3MW工程项目,0
4519,国网松原长岭风电57.4MW工程项目,0
4520,国网酒泉瓜州干河口南风电示范48MW工程项目,0
4521,国网酒泉瓜州干河口第三风电201MW工程项目,0
4535,国网锦州黑山龙湾风电48MW工程项目,锦州和兴黑山龙湾风电场项目
4536,国网锦州黑山耿屯风电48MW工程项目,锦州吉隆黑山耿屯风电项目
4537,国网锦州黑山东兴风电48MW工程项目,锦州运达黑山东兴风电项目
4542,国网锦州古塔电厂风电3.75MW工程项目,0
4543,国网鄂尔多斯杭锦旗伊和乌素风电一期49.5MW工程项目,0
4546,国网鄂尔多斯杭锦旗伊和乌素风电二期49.5MW工程项目,0
4548,国网丹东东港海洋红风电21MW工程项目,0
4549,国网大连庄河横山风电7.4MW工程项目,0
4550,国网大连长海风电一期10.2MW工程项目,0
4551,国网大连瓦房店东岗风电22.5MW工程项目,0
4552,国网包头白云矿风电40MW工程项目,0
4562,国网包头白云矿鄂博风电一期45MW工程项目,包头鲁能白云鄂博风电一期45MW项目
4564,国网包头白云矿鄂博风电二期49.5MW工程项目,包头鲁能白云鄂博风电二期49.5MW项目
4568,国投吐鲁番小草湖风电一期49.5MW工程项目,鲁能新疆小草湖风电场一期49.5兆瓦建设项目
4574,国投酒泉瓜州北大桥东风电二期49.5MW工程项目,新疆华电小草湖风电二场二期49.5MW建设项目
4575,国投酒泉瓜州北大桥东风电49.5MW工程项目,0
4576,国投酒泉瓜州北大桥第二风电201MW工程项目,0
4579,国投海西都兰路南村风电49.5MW工程项目,国投青海都兰路南村风电场49.5兆瓦项目
4581,国投海西都兰贝壳梁风电49.5MW工程项目,国投青海都兰贝壳梁风电场49.5MW项目
4584,国投哈密伊吾淖毛湖风电一期49.5MW工程项目,国投伊吾淖毛湖风电场一期49.5兆瓦风电项目
4585,国投哈密巴里坤三塘湖风电一期49.5MW工程项目,国投巴里坤三塘湖风电场一期49.5兆瓦风电项目
4587,国投白银平川捡财塘风电特许权试点45MW工程项目,白银市平川捡财塘风电场45MW风电特许权试点项目
4589,国投白银平川捡财塘风电49.5MW工程项目,白银捡财塘风电场二期49.5兆瓦项目
4590,国瑞福鼎烟台牟平高陵富顶风电48MW工程项目,北京国瑞福鼎牟平高陵富顶风电场
4596,国能投重庆石柱狮子坪风电49.5MW工程项目,0
4598,国能投重庆石柱千野草场风电64MW工程项目,国电重庆石柱千野草场风电场工程
4599,国能投中卫沙坡头韩家圈风电49.5MW工程项目,0
4601,国能投昭通巧家大岩洞风电39MW工程项目,0
4602,国能投长治沁源太岳山风电100MW工程项目,0
4602,国能投长治沁源太岳山风电100MW工程项目,0
4603,国能投长春农安永安风电49.5MW工程项目,0
4604,国能投漳州东山乌礁湾风电30MW工程项目,0
4605,国能投漳州东山风电二期扩建49.5MW工程项目,0
4606,国能投张家口尚义石人风风电一期49.5MW工程项目,0
4607,国能投张家口尚义石人风电一期扩建25.5MW工程项目,0
4608,国能投张家口尚义麒麟山风电二期100.5MW工程项目,河北尚义龙源麒麟山风电场100.5MW（二期）工程项目
4609,国能投张家口尚义七甲山风电199.5MW工程项目,0
4610,国能投张家口尚义满井风电34.5MW工程项目,0
4611,国能投张家口尚义炕塄风电49.5MW工程项目,0
4612,国能投张家口尚义风电四期49.5MW工程项目,0
4613,国能投张家口尚义风电三期49.5MW工程项目,0
4614,国能投张家口尚义风电二期49.5MW工程项目,0
4615,国能投张家口尚义风电150MW工程项目,0
4616,国能投张家口尚义北石塄风电一期49.5MW工程项目,国华尚义北石塄风电场一期工程项目
4617,国能投张家口康保照阳河风电49.5MW工程项目,0
4618,国能投张家口康保五福堂风电300MW工程项目,0
4619,国能投张家口康保马家营风电49.5MW工程项目,国电康保马家营风电场（49.5兆瓦）工程
4620,国能投张家口康保郝家营风电49.5MW工程项目,国电康保郝家营风电场（49.5兆瓦）工程
4621,国能投张家口沽源小二号风电49.5MW工程项目,0
4622,国能投张家口沽源西营子风电49.5MW工程项目,0
4623,国能投张家口沽源盘道沟风电49.5MW工程项目,0
4624,国能投张家口沽源马神庙风电49.5MW工程项目,0
4625,国能投张家口沽源黄花梁风电49.5MW工程项目,0
4629,国能投张家口沽源坝缘风电100MW工程项目,0
4634,国能投张家口崇礼长城岭风电49.5MW工程项目,0
4641,国能投张家口崇礼红花梁风电一期49.5MW工程项目,0
4643,国能投张家口赤城长沟门风电49.5MW工程项目,0
4649,国能投张家口赤城摩天岭风电49.5MW工程项目,0
4650,国能投张家口赤城马营孤山风电49.5MW工程项目,0
4651,国能投张家口赤城独石口西风电49MW工程项目,0
4653,国能投张家口赤城第一风电49.5MW工程项目,国华河北赤城第一风电场49.5MW工程
4654,国能投湛江雷州东里风电49.5MW工程项目,0
4657,国能投玉林博白四方嶂风电96.8MW工程项目,龙源玉林博白四方嶂风电场项目
4665,国能投榆林靖边祭山梁风电一期49.5MW工程项目,0
4666,国能投榆林靖边祭山梁风电三期49.5MW工程项目,0
4667,国能投榆林靖边祭山梁风电二期49.5MW工程项目,0
4668,国能投榆林靖边高家沟风电49.5MW工程项目,0
4669,国能投榆林靖边草山梁风电49.5MW工程项目,0
4672,国能投榆林定边盛梁风电四期50MW工程项目,0
4673,国能投榆林定边黄湾风电三期50MW工程项目,0
4674,国能投榆林定边繁食沟风电一期49.5MW工程项目,国电陕西定边繁食沟风电场一期工程项目
4675,国能投榆林定边繁食沟风电二期49.5MW工程项目,国电陕西定边繁食沟风电场二期工程项目
4676,国能投永州江永黄甲岭风电48MW工程项目,0
4677,国能投宜春铜鼓太阳岭风电4.84MW工程项目,0
4678,国能投伊春金山屯大白山风电49.5MW工程项目,0
4680,国能投阳江海陵岛风电25.74MW工程项目,0
4681,国能投盐城射阳风电49.5MW工程项目,0
4682,国能投盐城东台梁垛河风电三期90MW工程项目,0
4684,国能投盐城东台弶南风电三期110MW工程项目,0
4685,国能投盐城东台风电二期扩建49.25MW工程项目,国华东台二期项目扩建49.25MW风电场工程
4686,国能投盐城东台风电二期201MW工程项目,0
4687,国能投盐城东台风电200.4MW工程项目,0
4688,国能投烟台招远夏甸风电一期49.5MW工程项目,0
4689,国能投烟台招远夏甸风电二期49.5MW工程项目,国电招远夏甸风电场二期工程
4690,国能投烟台栖霞战家风电49.5MW工程项目,国华烟台栖霞战家风力发电工程
4716,国能投烟台栖霞官道风电150MW工程项目,国华烟台栖霞官道风电场项目
4717,国能投烟台栖霞兵山风电49.5MW工程项目,国华烟台栖霞兵山风力发电工程
4718,国能投烟台蓬莱虎山风电一期49.5MW工程项目,0
4719,国能投忻州宁武谢家坪风电一期49.5MW工程项目,国电宁武谢家坪一期（49.5MW）风电项目
4720,国能投忻州静乐娑婆风电一期49.5MW工程项目,国电静乐娑婆一期（49.5MW）风电项目
4721,国能投锡林郭勒盟正蓝旗上都风电一期49.5MW工程项目,0
4723,国能投锡林郭勒盟西乌高力罕风电一期49.5MW工程项目,0
4724,国能投锡林郭勒盟太仆寺旗红旗风电三期49.5MW工程项目,国电电力太仆寺旗风电开发有限公司锡林郭勒盟太仆寺旗红旗风电场三期49.5MW风电项目
4725,国能投锡林郭勒盟太仆寺旗红期风电一期49.5MW工程项目,0
4726,国能投锡林郭勒盟苏右旗朱日和风电49.5MW工程项目,0
4727,国能投锡林郭勒盟苏右旗风电一期49.5MW工程项目,国华能源苏尼特右旗风电场一期49.5MW工程
4728,国能投锡林郭勒盟苏右旗风电二期49.5MW工程项目,0
4729,国能投锡林郭勒盟阿巴嘎旗辉腾梁风电三期49.5MW工程项目,国华锡林郭勒阿巴嘎旗辉腾梁风电场三期49.5MW发电工程
4730,国能投锡林郭勒盟阿巴嘎旗灰腾梁风电一期C区49.5MW工程项目,国华锡盟阿巴嘎旗灰腾梁风电场C区一期49.5发电工程
4731,国能投锡林郭勒盟阿巴嘎旗灰腾梁风电二期C区49.5MW工程项目,国华锡盟阿巴嘎旗灰腾梁风电场C区二期49.5发电工程
4733,国能投吴忠盐池青山乡风电49.5MW工程项目,国华盐池青山乡49.5MW风电项目
4734,国能投吴忠盐池青山风电二期50MW工程项目,盐池青山风电场国电二期49.5MW工程项目
4735,国能投吴忠盐池麻黄山分散式风电20MW工程项目,0
4736,国能投吴忠盐池步井风电一期100MW工程项目,国华盐池苏步井一期100MW风电项目
4737,国能投吴忠盐池步井风电二期100MW工程项目,国华盐池苏步井二期100MW风电项目
4738,国能投吴忠太阳山风电50MW工程项目,国电电力吴忠太阳山风力发电项目
4739,国能投吴忠利通太阳山风光储风电49.5MW工程项目,国电电力吴忠太阳山风光储49.5MW发电项目
4740,国能投乌兰察布四子王旗巴音风电一期49.5MW工程项目,国电龙源（四子王）巴音风电场一期49.5MW项目工程
4741,国能投温州苍南皇帝平风电16MW工程项目,苍南皇帝平风电场项目
4742,国能投潍坊诸城桃园风电100MW工程项目,0
4743,国能投潍坊诸城皇华风电一期49.5MW工程项目,0
4744,国能投潍坊诸城皇华风电二期36MW工程项目,0
4745,国能投潍坊诸城风电一期49.5MW工程项目,0
4746,国能投潍坊诸城风电五期49.5MW工程项目,0
4749,国能投潍坊诸城风电四期49.5MW工程项目,0
4750,国能投潍坊诸城风电三期49.5MW工程项目,0
4751,国能投潍坊诸城风电二期49.5MW工程项目,0
4752,国能投潍坊临朐柳山风电49.5MW工程项目,0
4753,国能投潍坊临朐九山风电一期48MW工程项目,国华临朐九山北沟风电场工程项目
4754,国能投潍坊临朐福山风电49.5MW工程项目,0
4755,国能投潍坊滨海风电一期48MW工程项目,中海油潍坊滨海风电项目一期49.5MW工程
4756,国能投潍坊滨海风电二期48MW工程项目,中海油潍坊滨海风电项目二期49.5MW工程
4757,国能投威海文登紫金山风电49.5MW工程项目,0
4759,国能投威海荣成风电一期49.5MW工程项目,0
4761,国能投威海荣成风电一期48.75MW工程项目,0
4762,国能投威海荣成风电五期49.5MW工程项目,国华荣成五期49.5MW发电工程
4763,国能投威海荣成风电四期49.5MW工程项目,国华荣成四期49.5MW发电工程
4764,国能投威海荣成风电二期49.5MW工程项目,0
4765,国能投威海经济技术开发经济发展局投资管理科山马于风电49.5MW工程项目,0
4766,国能投吐鲁番吐鲁番大河沿风电一期49.5MW工程项目,国电吐鲁番大河沿风电一期49.5兆瓦项目
4767,国能投吐鲁番吐鲁番大河沿风电二期49.5MW工程项目,0
4769,国能投通辽奈曼旗巴彦塔拉风电供热49.5MW工程项目,0
4770,国能投通辽库伦旗额勒顺南良少若风电49.5MW工程项目,国电通辽库伦旗额勒顺南良少若风电场
4771,国能投通辽科左中旗后四井风电49.5MW工程项目,0
4772,国能投通辽科左中旗代力吉风电二期49.5MW工程项目,0
4773,国能投通辽开鲁太平沼风电300MW工程项目,国华通辽开鲁太平沼300MW风电项目
4775,国能投铁岭调兵山风电49.5MW工程项目,0
4776,国能投铁岭台子山风电49.5MW工程项目,0
4777,国能投铁岭昌图石虎风电新建49.3MW工程项目,0
4778,国能投铁岭昌图泉头风电新建49.3MW工程项目,0
4779,国能投塔城托里玛依塔斯风电一期49.5MW工程项目,国电塔城玛依塔斯风电场一期49.5兆瓦风电项目
4780,国能投塔城托里玛依塔斯风电二期49.5MW工程项目,国电塔城玛依塔斯风电二期49.5兆瓦风电项目
4781,国能投随州广水中华山风电49.5MW工程项目,0
4782,国能投随州广水乐城山风电48.3MW工程项目,0
4783,国能投随州广水吉阳山风电50MW工程项目,0
4784,国能投松原长岭双龙风电一期49.5MW工程项目,0
4785,国能投松原长岭双龙风电二期49.5MW工程项目,0
4789,国能投朔州右玉老千山风电49.5MW工程项目,国电右玉老千山49.5MW风力风电项目
4790,国能投朔州右玉曹家山风电二期49.5MW工程项目,国电右玉曹家山二期49.5MW风电场
4791,国能投朔州右玉曹家山风电49.5MW工程项目,国电右玉曹家山49.5MW风力发电项目
4792,国能投朔州平鲁虎头山风电97.5MW工程项目,0
4793,国能投朔州平鲁北山风电一期49.5MW工程项目,国电平鲁北山一期（49.5MW）风电项目
4794,国能投省直辖县济源苏岭风电52MW工程项目,0
4795,国能投省直辖县济源大岭风电49.5MW工程项目,0
4797,国能投沈阳康平张强风电新建49.5MW工程项目,0
4799,国能投沈阳康平张家窑风电49.5MW工程项目,0
4800,国能投沈阳康平郝官风电新建49.5MW工程项目,0
4801,国能投沈阳康平富饶山风电新建49.5MW工程项目,0
4802,国能投沈阳法库和平风电新建49.3MW工程项目,0
4803,国能投沈阳法库慈恩寺风电49.3MW工程项目,0
4804,国能投沈阳法库柏家沟风电新建49.5MW工程项目,法库柏家沟风电场新建工程
4805,国能投邵阳新宁寨子背风电49.9MW工程项目,国电电力邵阳新宁寨子背风电场项目
4806,国能投邵阳新宁金紫山风电50MW工程项目,0
4807,国能投邵阳新宁风雨殿风电49.9MW工程项目,0
4809,国能投上海崇明北堡风电47.5MW工程项目,0
4810,国能投日照五莲于里风电一期49.5MW工程项目,0
4811,国能投日照莒县风电48MW工程项目,0
4812,国能投青岛胶南风电一期49.5MW工程项目,0
4813,国能投青岛黄岛胶南子罗风电49.5MW工程项目,0
4814,国能投齐齐哈尔富裕风电一期49.5MW工程项目,0
4815,国能投齐齐哈尔富裕风电三期49.5MW工程项目,国华富裕风电场三期工程49.5MW项目
4816,国能投齐齐哈尔富裕风电二期49.5MW工程项目,国华（齐齐哈尔）风电有限公司富裕二期49.5MW风电场
4817,国能投莆田仙游兴山风电30MW工程项目,国电仙游兴山风电项目
4818,国能投莆田仙游九社风电30MW工程项目,国电仙游九社风电项目
4819,国能投农五师阿拉山口风电一期49.5MW工程项目,0
4820,国能投农十三师三塘湖风电二期49.5MW工程项目,0
4821,国能投宁波鄞州白岩山风电45MW工程项目,国电电力鄞州白岩山风电场工程项目
4822,国能投宁波宁海茶山风电49.5MW工程项目,0
4826,国能投宁波奉化牛角山风电22.5MW工程项目,0
4829,国能投宁波北仑穿山风电45MW工程项目,0
4830,国能投南通如东海上风电示范30MW工程项目,0
4831,国能投南通如东风电示范扩建200MW工程项目,江苏如东海上风电示范项目扩建200MW工程
4832,国能投南通如东风电示范150MW工程项目,0
4833,国能投南通如东风电二期扩建49.5MW工程项目,0
4834,国能投南通如东风电二期扩建100.5MW工程项目,0
4844,国能投南通如东风电二期100.5MW工程项目,0
4849,国能投南通启东东元风电100.5MW工程项目,0
4856,国能投南宁横县六景风电48MW工程项目,0
4857,国能投南宁横县大浪风电二期47.5MW工程项目,0
4858,国能投吕梁方山马坊风电48MW工程项目,0
4859,国能投临沂莒南涝坡风电49.5MW工程项目,0
4860,国能投连云港东海李埝低风电示范48.3MW工程项目,国电东海李埝低风速风电示范项目
4861,国能投昆明西山风摆山风电30MW工程项目,0
4862,国能投昆明富民金铜盆风电38MW工程项目,0
4864,国能投酒泉玉门新风风电49.5MW工程项目,0
4865,国能投酒泉玉门三十里井子南风电32.5MW工程项目,甘肃洁源风电公司酒泉玉门三十里井子南风电场32.5MW发电工程
4869,国能投酒泉玉门三十里井子风电49.5MW工程项目,0
4877,国能投酒泉玉门三十里井子风电49.3MW工程项目,甘肃洁源酒泉玉门三十里井子风电场49.3MW发电工程
4878,国能投酒泉玉门风电二期、三期57.8MW工程项目,甘肃洁源酒泉玉门风电场二期、三期57.8MW发电工程
4879,国能投酒泉玉门低窝铺风电二期49.5MW工程项目,甘肃洁源酒泉玉门低窝铺风电场二期49.5MW发电工程
4883,国能投酒泉瓜州向阳风电一期49.5MW工程项目,甘肃新安风力发电公司酒泉瓜州向阳风电场一期49.5MW发电工程
4884,国能投酒泉瓜州向阳风电二期49.5MW工程项目,甘肃新安风力发电公司酒泉瓜州向阳风电场二期49.5MW发电工程
4886,国能投酒泉瓜州风电二期第一批201MW工程项目,0
4887,国能投酒泉瓜州安北第四风电C区201MW工程项目,国电酒泉安北第四风电场C区201MW项目
4889,国能投九江湖口皂湖风电48MW工程项目,0
4890,国能投锦州凌海胜利风电49.5MW工程项目,0
4891,国能投锦州凌海青松风电49.5MW工程项目,0
4894,国能投锦州凌海南小柳风电49.5MW工程项目,0
4895,国能投锦州黑山杨屯风电49.5MW工程项目,0
4896,国能投锦州黑山塘坊风电49.5MW工程项目,0
4897,国能投锦州黑山芳山风电49.5MW工程项目,0
4898,国能投锦州北镇杨家店风电49.5MW工程项目,0
4899,国能投锦州北镇架子山风电49.5MW工程项目,0
4900,国能投佳木斯桦南横岱风电24.65MW工程项目,0
4902,国能投佳木斯桦川中伏风电49.5MW工程项目,0
4903,国能投佳木斯桦川青龙风电一期49.5MW工程项目,0
4904,国能投佳木斯桦川青龙风电二期49.5MW工程项目,0
4906,国能投佳木斯桦川宝山风电49.5MW工程项目,0
4909,国能投佳木斯猴石风电49.5MW工程项目,0
4911,国能投佳木斯抚远大蜂山风电31.5MW工程项目,0
4912,国能投济宁泗水泗张风电48MW工程项目,国电泗水泗张风电场项目
4914,国能投济宁泗水圣水峪风电49.5MW工程项目,0
4918,国能投济南长清风电一期49.5MW工程项目,0
4921,国能投鸡西密山蜂蜜山风电49.5MW工程项目,0
4925,国能投淮安盱眙河桥低风速风电示范49.6MW工程项目,江苏盱眙(河桥)低风速风电示范项目
4927,国能投淮安盱眙桂五低风速风电示范49.9MW工程项目,江苏盱眙(桂五)低风速风电示范项目
4929,国能投淮安盱眙仇集低风速风电示范99.9MW工程项目,江苏盱眙（仇集）低风速示范项目（99.9MW）
4931,国能投葫芦岛兴城刘台子风电49.5MW工程项目,0
4932,国能投葫芦岛连山兴城风电49.5MW工程项目,0
4942,国能投呼伦贝尔新巴左旗风电49.5MW工程项目,0
4946,国能投呼伦贝尔新巴右旗达来东风电49.5MW工程项目,0
4947,国能投呼伦贝尔海拉尔风电49.5MW工程项目,0
4948,国能投呼伦贝尔陈旗巴彦库仁风电49.5MW工程项目,0
4949,国能投呼和浩特武川红山风电三期49.5MW工程项目,国电武川风电有限公司红山风场三期49.5MW风电项目
4953,国能投河源东源蝉子顶风电49.5MW工程项目,国电电力东源蝉子顶49.5MW风电场
4954,国能投海西都兰诺木洪风电一期49.5MW工程项目,国电电力海西都兰诺木洪一期49.5MW风电项目
4955,国能投哈密一A风电200MW工程项目,0
4958,国能投哈密四ABC风电600MW工程项目,0
4959,国能投哈密二B风电200MW工程项目,0
4960,国能投哈密二A区风电200MW工程项目,0
4962,国能投哈密巴里坤一D风电200MW工程项目,0
4963,国能投哈密巴里坤三塘湖三B风电200MW工程项目,0
4964,国能投哈密巴里坤三塘湖风电一期49.5MW工程项目,国电巴里坤三塘湖风电场一期49.5兆瓦风电项目
4965,国能投哈尔滨依兰合作林场风电一期24.65MW工程项目,0
4967,国能投哈尔滨依兰合作林场风电二期24.65MW工程项目,0
4969,国能投桂林全州天湖风电你们MW工程项目,0
4970,国能投桂林全州昌盛坪风电50MW工程项目,0
4971,国能投桂林灌阳马头风电50MW工程项目,国电灌阳马头风电场工程
4972,国能投桂林恭城圆石山风电49.5MW工程项目,0
4973,国能投桂林恭城燕子山风电49.5MW工程项目,0
4977,国能投阜新阜新太平沟风电47.5MW工程项目,0
4985,国能投福州平潭长江澳风电一期6MW工程项目,0
4986,国能投福州平潭风电二期100MW工程项目,0
4987,国能投福州福清江阴风电14MW工程项目,0
4988,国能投福州福清高山风电一期20MW工程项目,福清高山风电场一期项目
4989,国能投福州福清高山风电二期36MW工程项目,福清高山风电场二期项目
4990,国能投东营利津风电一期49.5MW工程项目,0
4991,国能投东营利津风电三期49.5MW工程项目,0
4992,国能投东营利津刁口风电49.5MW工程项目,0
4993,国能投东营河口风电一期49.5MW工程项目,0
4994,国能投东营河口风电五期49.5MW工程项目,0
4996,国能投东营河口风电四期49.5MW工程项目,0
4997,国能投东营河口风电三期49.5MW工程项目,0
4998,国能投东营河口风电六期49.5MW工程项目,0
4999,国能投东营河口风电二期49.5MW工程项目,0
5001,国能投东营广饶风电一期49.5MW工程项目,0
5002,国能投东营广饶风电二期49.5MW工程项目,国华东营广饶风电场二期工程
5003,国能投大同浑源大仁庄风电一期49.5MW工程项目,大同市浑源县大仁庄风电场一期49.5MW工程
5004,国能投大同浑源大仁庄风电二期100MW工程项目,0
5005,国能投大同广灵南村镇风电48MW工程项目,0
5006,国能投大理洱源清水朗山风电49.5MW工程项目,0
5007,国能投大理洱源千岭山风电40.5MW工程项目,0
5009,国能投楚雄元谋雷应山风电49.5MW工程项目,0
5010,国能投滁州明光大港风电49.5MW工程项目,0
5013,国能投滁州来安龙卧寺风电49.5MW工程项目,安徽来安龙卧寺49.5MW风电项目
5015,国能投滁州来安龙头港风电49.5MW工程项目,安徽来安龙头港49.5MW风电项目
5017,国能投滁州来安东寺港风电49.5MW工程项目,安徽来安东寺港49.5MW风电项目
5018,国能投滁州来安宝山风电49.5MW工程项目,安徽来安宝山49.5MW风电项目
5019,国能投滁州凤阳曹店风电49.5MW工程项目,0
5020,国能投赤峰翁旗西杨树沟风电49.5MW工程项目,0
5023,国能投赤峰翁旗西沟里风电49.5MW工程项目,0
5024,国能投赤峰翁旗五道沟风电一期试点49.5MW工程项目,赤峰市翁牛特旗五道沟风电场一期风力发电试点项目
5025,国能投赤峰翁旗孙家营风电一期试点49.5MW工程项目,0
5028,国能投赤峰翁旗上场风电49.5MW工程项目,0
5029,国能投赤峰松山三道沟风电49.5MW工程项目,国电科环赤峰松山区三道沟（49.5MW）风电场项目
5030,国能投赤峰松山老水泉风电49.5MW工程项目,0
5032,国能投赤峰松山岗子风电49.5MW工程项目,0
5033,国能投赤峰松山大于营风电49.5MW工程项目,国电科环赤峰松山区大于营（49.5MW）风电场项目
5037,国能投赤峰宁城马架子风电49.3MW工程项目,0
5038,国能投赤峰宁城大城子风电49.3MW工程项目,0
5047,国能投赤峰巴右旗查干花风电49.5MW工程项目,0
5048,国能投承德围场张家湾风电49.5MW工程项目,0
5049,国能投承德围场杨树沟风电49.5MW工程项目,0
5050,国能投承德围场五乡梁风电150MW工程项目,0
5051,国能投承德围场石人梁风电200MW工程项目,0
5052,国能投承德围场山湾子风电49.5MW工程项目,0
5053,国能投承德围场黄土梁风电49.5MW工程项目,0
5054,国能投承德围场风电49.5MW工程项目,0
5055,国能投承德围场大槽子风电49.5MW工程项目,0
5071,国能投承德围场潮水海风电49.5MW工程项目,河北围场潮水海项目49.5MW风电项目
5072,国能投郴州苏仙风电48MW工程项目,国电电力郴州苏仙风电场项目
5073,国能投朝阳北票陶家沟风电48MW工程项目,国电北票陶家沟风力发电项目
5075,国能投朝阳北票北四家风电49.5MW工程项目,0
5076,国能投沧州黄骅老石碑河风电150MW工程项目,国华黄骅老石碑河150MW风电场
5079,国能投沧州黄骅捷地减河风电48MW工程项目,国华黄骅捷地减河48WM风电场项目
5080,国能投沧州黄骅风电一期49.5MW工程项目,河北黄骅风电场一期（49.5MW）工程
5083,国能投沧州黄骅风电二期49.5MW工程项目,河北黄骅风电场二期（49.5MW）工程
5085,国能投博尔塔拉博乐博州三台风电一期49.5MW工程项目,国电博州三台风电场一期49.5兆瓦风电项目
5086,国能投博尔塔拉博乐阿拉山口风电二期49.5MW工程项目,0
5089,国能投博尔塔拉阿拉山口风电三期49.5MW工程项目,国电阿拉山口风电场三期49.5兆瓦风电项目
5092,国能投毕节威宁大杉树风电49.5MW工程项目,0
5093,国能投毕节威宁大海子风电49.5MW工程项目,0
5095,国能投宝鸡凤县马头滩风电49.5MW工程项目,0
5096,国能投宝鸡凤县观日台风电49.5MW工程项目,0
5099,国能投宝鸡凤县东河桥风电45.1MW工程项目,凤县东河桥45.1MW风电场工程
5101,国能投白城通榆兴隆山2C风电49.5MW工程项目,0
5102,国能投白城通榆风电三期49.3MW工程项目,0
5103,国能投白城通榆风电二期100.3MW工程项目,吉林龙源通榆风电特许权二期100.3MW项目
5104,国能投白城通榆风电100.3MW工程项目,0
5105,国能投白城洮南永茂风电一期49.5MW工程项目,吉林洮南永茂风电场一期（49.5MW）工程
5109,国能投白城大安红岗子风电48MW工程项目,0
5111,国能投巴彦淖尔乌中旗川井风电四期49.5MW工程项目,国华巴彦淖尔（乌拉特中旗）风电有限公司川井风电场四期49.5MW工程
5115,国能投巴彦淖尔乌中旗川井风电三期49.5MW工程项目,龙源(巴彦淖尔)风力发电有限责任公司乌拉特中旗川井风电场三期49.5MW项目
5117,国能投巴彦淖尔乌中旗川井风电二期49.5MW工程项目,国华能源有限公司巴彦淖尔乌拉特后旗乌力吉风电场二期49.5MW工程
5119,国能投巴彦淖尔乌中旗川井风电49.5MW工程项目,0
5120,国能投巴彦淖尔乌拉特中旗川井风电一期49.3MW工程项目,0
5121,国能投巴彦淖尔乌后旗乌力吉风电一期49.5MW工程项目,0
5122,国能投巴彦淖尔乌后旗赛乌素风电一期49.5MW工程项目,0
5124,国能投巴彦淖尔乌后旗赛乌素风电二期49.5MW工程项目,0
5125,国能投巴彦淖尔乌后旗赛乌素风电49.5MW工程项目,0
5126,国能投巴彦淖尔乌后旗潮格风电49.5MW工程项目,0
5127,国能投安庆宿松华港风电49.5MW工程项目,0
5129,国能投安庆宿松百子洲风电49.5MW工程项目,0
5130,国能投安庆望江香茗山风电48MW工程项目,国电望江县香茗山风电场项目
5131,国能投阿勒泰富蕴恰库尔图风电一期49.5MW工程项目,国电富蕴恰库尔图风电一期49.5MW项目
5132,国家电投响水县大有镇150MW风电项目,江苏响水大有镇风电场150MW项目
5147,国华巴彦淖尔乌后旗乌力吉风电二期49.5MW工程项目,国华能源有限公司巴彦淖尔乌拉特后旗乌力吉风电场二期49.5MW工程
5149,国电中投盈科叶县将军山风电场,国电中投盈科叶县将军山风电场工程项目
5150,国电永州江永龙田风电50MW工程项目,0
5151,国电投榆林靖边李家梁风电一期49.5MW工程项目,0
5152,国电投榆林靖边李家梁风电二期49.5MW工程项目,0
5153,国电投伊春金山屯老百山风电49.3MW工程项目,0
5154,国电投盐城大丰风电200MW工程项目,0
5155,国电投延安黄龙界头庙风电49.5MW工程项目,0
5156,国电投孝感大悟仙居顶风电30MW工程项目,0
5157,国电投武威古浪第二风电100MW工程项目,0
5159,国电投松原长岭长岭三十风电二期49.5MW工程项目,0
5162,国电投松原长岭腰井子风电二期49.5MW工程项目,0
5163,国电投松原长岭腰井子风电49.5MW工程项目,0
5164,国电投松原长岭三十号风电49.5MW工程项目,0
5166,国电投三门峡渑池石泉风电一期48MW工程项目,0
5167,国电投黔西南册亨大顶柱风电40MW工程项目,0
5168,国电投齐齐哈尔克东爱华风电49.5MW工程项目,0
5171,国电投农十三师红星风电一期49.5MW工程项目,特变电工农十三师红星一牧场风电场一期49.5MW工程
5172,国电投农十三师红星风电二期49.5MW工程项目,特变电工农十三师红星一牧场风电场二期49.5MW工程
5175,国电投明阳荣千五子湖49.5MW风电项目,0
5176,国电投吕梁交口风电一期50MW工程项目,0
5177,国电投昆明寻甸小白龙风电49.5MW工程项目,0
5178,国电投九江星子长岭风电34.5MW工程项目,0
5179,国电投九江星子长岭风电21MW工程项目,0
5180,国电投九江星子大岭风电19.5MW工程项目,0
5181,国电投九江都昌老爷庙风电49.5MW工程项目,0
5182,国电投九江都昌矶山湖风电30MW工程项目,0
5183,国电投佳木斯桦南长寿山风电49.5MW工程项目,0
5184,国电投佳木斯桦南黄团岭风电43.5MW工程项目,0
5185,国电投济南章丘风电100MW工程项目,0
5186,国电投黑河爱辉小黑山风电49.5MW工程项目,0
5187,国电投黑河爱辉大黑山风电49.5MW工程项目,0
5188,国电投海西格尔木风电49.5MW工程项目,0
5190,国电投海西格尔木大格勒风电一期49.5MW工程项目,0
5192,国电投海西格尔木大格勒风电二期49.5MW工程项目,0
5193,国电投哈密三塘湖风电49.5MW工程项目,国电巴里坤三塘湖风电场一期49.5兆瓦风电项目
5194,国电投哈密巴里坤三塘湖第三风电D区100MW工程项目,0
5195,国电投哈尔滨依兰夹信山风电49.5MW工程项目,0
5196,国电投二连浩特风电20MW工程项目,0
5198,国电投大庆绿色草原风电49.5MW工程项目,0
5199,国电投楚雄南华打挂山风电100MW工程项目,0
5200,国电投楚雄禄丰老青山风电49.5MW工程项目,0
5201,国电投楚雄禄丰大荒山风水互补风电100MW工程项目,0
5202,国电投滁州南谯常山风电49.5MW工程项目,吉电滁州南谯常山风电场项目
5204,国电投赤峰翁旗风电49.5MW工程项目,中电投赤峰翁牛特旗亿合公风电场二期49.5MW发电工程
5205,国电投朝阳北票北塔子风电49.5MW工程项目,0
5206,国电投包头达茂旗巴音7号风电199.5MW工程项目,0
5207,国电投白银景泰永泰风电50MW工程项目,0
5208,国电投白银景泰寺滩风电49.5MW工程项目,0
5209,国电投白银景泰红山风电49.5MW工程项目,0
5211,国电投白银会宁丁家沟风电49.5MW工程项目,0
5212,国电投白城镇赉黑鱼泡风电49.5MW工程项目,0
5213,国电投巴彦淖尔中旗风电三期49.5MW工程项目,0
5223,国电三门峡栗子坪风电项目,国电三门峡陕县栗子坪风电场
5232,国电电力东源蝉子顶风电场,国电电力东源蝉子顶49.5MW风电场
5234,国电巴彦淖尔乌后旗乌力吉风电二期49.5MW工程项目,国华能源有限公司巴彦淖尔乌拉特后旗乌力吉风电场二期49.5MW工程
5236,广西镇龙山风电项目,0
5238,广西平南60.95MW风电项目,0
5240,广灵卧羊场风电场三期风电项目,0
5243,广恒哈密十三间房风电一期49.5MW工程项目,哈密广恒新能源十三间房风电场一期49.5兆瓦风电项目
5244,广发惠州惠东海黄埠风电49.6MW工程项目,0
5247,广东粤电徐闻洋前风电场工程项目,广东粤电湛江徐闻洋前
5248,广东水电海南东方感城风电一期49.5MW工程项目,0
5249,广东韶关乳源大布一期风电场项目,广东韶关乳源大布风电场
5252,广东建筑昌吉木垒老君庙风电一期49.5MW工程项目,乾新昌吉木垒老君庙风电场一期49.5MW工程
5253,广东建筑昌吉木垒老君庙风电二期49.5MW工程项目,中电投昌吉州木垒老君庙风电场二期49.5兆瓦风电项目
5254,广东恒健揭阳海湾石风电13.2MW工程项目,0
5255,光泰实业银川永宁贺兰山风电二期49.5MW工程项目,0
5257,馆陶县永济河277.2兆瓦风电场项目,馆陶县永济河（277.2MW）风电场项目
5258,关岭国风安顺关岭普利风电48MW工程项目,国风安顺关岭普利风电场项目
5259,古交岔口风电项目一期,0
5261,格林温州苍南霞关风电扩建7.5MW工程项目,苍南霞关风电场扩建项目
5262,格尔木瑞鑫达新能源有限公司格尔木50兆瓦风力发电项目,0
5263,格尔木清脉新能源科技有限公司格尔木清脉50兆瓦风力发电项目,0
5264,格尔木东恒新能源有限公司格尔木50兆瓦风力发电项目,0
5265,港南木格风电场工程,港南木格风电场
5267,甘肃投资武威民勤红沙岗风电试验49.5MW工程项目,0
5268,甘肃投资酒泉瓜州干河口第五风电201MW工程项目,甘肃瓜州干河口第五风电场200MW工程
5269,甘肃投资酒泉瓜州干河口第六风电201MW工程项目,0
5270,甘肃投资酒泉瓜州北大桥第四风电201MW工程项目,国电酒泉安北第四风电场C区201MW项目
5271,甘肃投资酒泉瓜州安北第六风电第一批A区200MW工程项目,0
5272,富磊包头达茂旗百灵庙风电供热49.5MW工程项目,包头市盾安风电有限责任公司达茂旗百灵庙风电场二期49.5MW风力发电工程项目
5274,府谷哈镇风电场二期50MW风电项目,0
5275,福清兴化湾海上风电场一期项目,福清兴化湾一期海上风电场项目
5276,福能泉州晋江金井风电32MW工程项目,0
5277,福能泉州惠安小岞风电22MW工程项目,0
5278,福建投资佳木斯富锦五顶山风电49.5MW工程项目,0
5279,福建投资福州连江黄岐风电30MW工程项目,0
5280,福建投资福州连江北茭风电48MW工程项目,0
5281,福建投资福州福清钟厝风电32MW工程项目,0
5282,福建投资福州福清泽岐风电48MW工程项目,0
5283,福建投资福州福清马头山风电47.5MW工程项目,0
5284,福建投资福州福清嘉儒风电二期48MW工程项目,0
5286,福建投资福州福清嘉儒风电48MW工程项目,0
5287,福建莆田平海湾50MW海上风电项目,莆田平海湾50MW海上风电项目
5288,福建莆田南日岛海上风电场一期B区200MW风电项目,莆田南日岛海上风电场一期项目
5289,伏牛风电场,0
5291,风阳农十三师三塘湖风电99MW工程项目,0
5292,风阳农六师北塔山风电一期49.5MW工程项目,风阳公司六师北塔山风电场一期49.5兆瓦项目
5293,风阳农六师北塔山风电二期49.5MW工程项目,风阳公司六师北塔山风电场二期49.5兆瓦项目
5295,丰宁大河西三期风电场,丰宁大河西风电场工程
5296,丰华联随州广水武胜关风电48MW工程项目,丰华广水武胜关风电场
5297,丰华联随州广水牛脊山风电42MW工程项目,丰华广水牛脊山风电场
5298,丰华黄梅招云寨风电场项目,丰华黄梅招云寨风电场
5304,盾安哈密伊吾淖毛湖风电一期48MW工程项目,盾安伊吾淖毛湖风电场一期48兆瓦风电项目
5305,盾安哈密伊吾淖毛湖风电二期48MW工程项目,盾安伊吾淖毛湖风电场二期48兆瓦风电项目
5306,盾安固原原州寨科风电二期48MW工程项目,固原寨科风电场盾安二期48MW风电项目
5307,盾安固原原州寨科风电96MW工程项目,0
5308,盾安昌吉木垒老君庙风电48MW工程项目,盾安木垒老君庙风电场一期48兆瓦风电项目
5309,盾安包头达茂旗百灵庙风电二期49.5MW工程项目,包头市盾安风电有限责任公司达茂旗百灵庙风电场二期49.5MW风力发电工程项目
5310,盾安包头达茂旗百灵庙风电49.5MW工程项目,盾安控股集团有限公司包头市达茂旗百灵庙风电场一期49.5MW项目
5316,东孤家子风电场,0
5326,大唐重庆丰都三坝风电49.5MW工程项目,0
5327,大唐重庆丰都横梁风电49.5MW工程项目,0
5328,大唐长治平顺虹梯关风电一期49.5MW工程项目,0
5330,大唐张家口张北乌登山风电四期49.5MW工程项目,大唐张北乌登山风电场四期
5331,大唐张家口张北乌登山风电二期49.5MW工程项目,大唐张北乌登山风电场二期工程
5332,大唐张家口沽源闪电河风电49.5MW工程项目,沽源闪电河风电场一期49.5兆瓦工程
5333,大唐张家口崇礼西桥梁风电一期49.5MW工程项目,0
5335,大唐张家口崇礼西桥梁风电二期48MW工程项目,0
5339,大唐榆林靖边元梁山风电49.5MW工程项目,大唐靖边新能源有限公司元梁山风电场工程项目
5340,大唐榆林定边张家山风电一期49.5MW工程项目,0
5341,大唐榆林定边张家山风电三期50MW工程项目,大唐陕西发电公司定边张家山风电场三期工程
5342,大唐榆林定边张家山风电二期49.5MW工程项目,0
5343,大唐榆林定边油房庄风电二期50MW工程项目,大唐陕西发电公司定边油房庄风电场二期工程
5344,大唐宜春丰城玉华山风电48MW工程项目,丰城玉华山风电场项目
5346,大唐盐城滨海海上风电300MW工程项目,0
5347,大唐延安安塞榆树湾风电49.5MW工程项目,0
5348,大唐延安安塞王家湾风电49.5MW工程项目,大唐延安新能源有限公司安塞王家湾风电场工程项目
5349,大唐烟台招远金岭风电一期49.5MW工程项目,大唐招远金岭风电场一期工程项目
5350,大唐烟台栖霞臧家庄花园风电一期49.5MW工程项目,大唐烟台新能源栖霞臧家庄花园风电场一期工程
5352,大唐烟台栖霞苏家店风电一期49.5MW工程项目,0
5355,大唐烟台莱州驿道风电一期49.5MW工程项目,大唐莱州驿道风电场一期工程项目
5356,大唐烟台莱州驿道风电二期49.5MW工程项目,0
5357,大唐烟台莱州土山风电二期47.5MW工程项目,大唐莱州风电二期49.5MW风力发电项目
5358,大唐烟台莱州风电一期49.5MW工程项目,大唐莱州风电一期49.5MW风力发电项目
5359,大唐烟台莱州风电三期49.5MW工程项目,0
5361,大唐烟台莱州风电二期49.5MW工程项目,大唐莱州风电二期49.5MW风力发电项目
5362,大唐烟台海阳徐家店风电一期49.5MW工程项目,0
5364,大唐兴安盟科右中旗奈曼铺风电49.5MW工程项目,0
5365,大唐兴安盟科右中旗好腰风电49.5MW工程项目,0
5366,大唐兴安盟科右前旗风电一期49.3MW工程项目,0
5369,大唐新能源辽宁公司葫芦岛高桥风电场,大唐葫芦岛高桥风电场
5371,大唐忻州岢岚燕家村风电49.5MW工程项目,0
5372,大唐忻州代县沟掌风电48MW工程项目,0
5373,大唐锡林郭勒盟苏左旗巴彦乌拉分布式风电30MW工程项目,0
5374,大唐锡林郭勒盟多伦风电三期49.5MW工程项目,0
5375,大唐锡林郭勒盟多伦风电风水互补一期30.6MW工程项目,0
5380,大唐锡林郭勒盟多伦大西山风电二期30MW工程项目,0
5382,大唐锡林郭勒盟东乌珠穆沁旗分布式风电30MW工程项目,0
5384,大唐锡林郭勒盟阿巴嘎旗灰腾梁风电一期B区49.5MW工程项目,0
5385,大唐锡林郭勒盟阿巴嘎旗灰腾梁风电一期A区49.5MW工程项目,0
5386,大唐锡林郭勒盟阿巴嘎旗灰腾梁风电三期B区49.5MW工程项目,0
5396,大唐锡林郭勒盟阿巴嘎旗灰腾梁风电二期B区49.5MW工程项目,0
5403,大唐锡林郭勒盟阿巴嘎旗灰腾梁风电二期A区49.5MW工程项目,0
5405,大唐武威民勤南井风电49.5MW工程项目,0
5406,大唐吴忠太阳山庙子梁风电50MW工程项目,大唐宁夏太阳山（庙子梁）风电场项目
5407,大唐吴忠红寺堡风电100MW工程项目,大唐国际吴忠红寺堡风电项目
5408,大唐乌鲁木齐达坂城柴窝堡风电一期49.5MW工程项目,大唐达坂城风区柴窝堡风电场一期49.5兆瓦风电项目
5409,大唐乌鲁木齐达坂城柴窝堡风电二期49.5MW工程项目,大唐达坂城柴窝堡风电场二期
5410,大唐乌兰察布察右后旗韩勿拉风电49.5MW工程项目,0
5411,大唐威海文登汪疃风电一期49.5MW工程项目,大唐威海汪疃风电场一期工程项目
5412,大唐威海文登风电一期49.5MW工程项目,大唐文登风电场一期工程
5418,大唐威海文登风电二期49.5MW工程项目,0
5419,大唐威海荣成八河风电一期48MW工程项目,大唐荣成八河风电场一期工程
5422,大唐吐鲁番托克逊风电一期49.5MW工程项目,大唐托克逊风电场一期49.5兆瓦风电项目
5423,大唐吐鲁番托克逊风电四期49.5MW工程项目,0
5428,大唐吐鲁番托克逊风电三期49.5MW工程项目,0
5429,大唐吐鲁番托克逊风电二期49.5MW工程项目,0
5435,大唐吐鲁番鄯善楼兰风电一期49.5MW工程项目,大唐鄯善楼兰风电场一期49.5兆瓦风电项目
5436,大唐通辽扎鲁特旗阿勒坦风电48MW工程项目,0
5437,大唐通辽科左后旗哈日乌苏风电49.5MW工程项目,0
5438,大唐通辽霍林郭勒河东山风电49.5MW工程项目,0
5439,大唐通辽霍林郭勒风电一期49.5MW工程项目,0
5440,大唐铁岭昌图天桥山风电49.5MW工程项目,0
5441,大唐铁岭昌图太阳山风电49.5MW工程项目,0
5442,大唐铁岭昌图三江口风电48MW工程项目,0
5443,大唐铁岭昌图满井风电49.5MW工程项目,0
5444,大唐泰安东平风电49.5MW工程项目,0
5445,大唐四平双辽风电二期49.5MW工程项目,0
5446,大唐四平双辽风电49.3MW工程项目,0
5447,大唐朔州右玉丁家窑风电一期49.5MW工程项目,0
5448,大唐朔州朔城利民风电二期49.5MW工程项目,0
5450,大唐朔州朔城利民风电49.5MW工程项目,大唐新能源朔州风力发电有限公司朔城区利民49.5MW风力发电项目
5452,大唐双鸭山集贤太阳山风电49.5MW工程项目,0
5454,大唐双鸭山集贤太平风电49.5MW工程项目,0
5455,大唐沈阳法库五龙山风电新建48MW工程项目,大唐国际法库五龙山风电场(48MW)新建工程项目
5456,大唐沈阳法库双台子风电新建48MW工程项目,大唐国际法库双台子风电场（48MW）新建工程项目
5457,大唐沈阳法库冯贝堡风电48MW工程项目,0
5458,大唐邵阳绥宁宝鼎山风电49.5MW工程项目,大唐华银绥宁宝鼎山风电场项目
5459,大唐邵阳城步五团风电49.5MW工程项目,大唐华银城步五团风电场项目
5460,大唐邵阳城步南山风电二期49.5MW工程项目,0
5461,大唐邵阳城步南山风电49.5MW工程项目,大唐华银南山49.5MW风电场项目
5462,大唐上海浦东东海大桥海上风电二期102.2MW工程项目,东海大桥海上风电二期工程
5463,大唐三门峡陕县元宝山风电40MW工程项目,大唐陕县元宝山风电场
5464,大唐三门峡陕县豫西燕山风电47MW工程项目,大唐豫西燕山风电场工程
5465,大唐三门峡陕县东村风电145MW工程项目,大唐陕县东村风电场工程
5469,大唐三门峡渑池赵庄风电130MW工程项目,0
5471,大唐三门峡渑池上渠风电48MW工程项目,0
5472,大唐三门峡渑池鞍子山风电45MW工程项目,0
5474,大唐三门峡灵宝青山风电40MW工程项目,0
5475,大唐三门峡湖滨岭西风电50MW工程项目,0
5477,大唐青岛平度云山风电48MW工程项目,大唐新能源青岛平度云山风电场
5478,大唐青岛平度新河风电49.5MW工程项目,0
5479,大唐青岛平度古岘风电48MW工程项目,大唐平度古岘风电场工程项目
5481,大唐青岛平度风电一期49.5MW工程项目,大唐平度风电场一期(49.5MW)工程项目
5482,大唐青岛胶南六汪风电一期49.5MW工程项目,大唐胶南风力六汪风电场一期工程
5483,大唐青岛胶南六汪风电二期49.5MW工程项目,大唐胶南风力六汪风电场二期工程
5484,大唐青岛黄岛风电一期30MW工程项目,大唐黄岛风电场一期工程
5485,大唐黔南独山大风坪风电48MW工程项目,0
5486,大唐黔东南台江昌平坳风电49.5MW工程项目,0
5488,大唐齐齐哈尔碾子山风电49.5MW工程项目,大唐齐齐哈尔碾子山风电场（49.5MW）
5492,大唐平顶郏县云阳风电34MW工程项目,0
5493,大唐平顶郏县大刘山风电38MW工程项目,大唐郏县大刘山风电场项目
5495,大唐农十三师三塘湖风电200MW工程项目,0
5496,大唐牡丹江海林威虎山风电一期45MW工程项目,0
5497,大唐茂名电白岭门风电49.5MW工程项目,大唐茂名电白岭门49.5MW风电场工程项目
5498,大唐吕梁岚县阎家背风电48MW工程项目,大唐岚县阎家背48兆瓦风力发电项目
5499,大唐娄底涟源龙山风电49.9MW工程项目,0
5501,大唐凉山普格海口风电50MW工程项目,大唐普格海口风电场工程
5502,大唐凉山普格甘天地风电一期100MW工程项目,大唐普格甘天地一期风电场工程
5504,大唐酒泉玉门低窝铺风电二期49.5MW工程项目,甘肃洁源酒泉玉门低窝铺风电场二期49.5MW发电工程
5505,大唐酒泉玉门低窝铺风电49MW工程项目,0
5506,大唐酒泉玉门昌马第一风电201MW工程项目,0
5507,大唐酒泉瓜州风电第一批400MW工程项目,0
5508,大唐九江永修松门山风电48MW工程项目,0
5509,大唐九江永修吉山风电48MW工程项目,0
5510,大唐九江星子沙岭风电40MW工程项目,大唐星子沙岭风电场项目
5521,大唐荆门钟祥华山观风电22.5MW工程项目,湖北钟祥华山观风电场工程项目
5522,大唐晋中昔阳西寨风电49.5MW工程项目,大唐新能源昔阳西寨（49.5MW）风电场工程项目
5525,大唐嘉兴平湖风电32MW工程项目,0
5526,大唐佳木斯桦南大架子风电一期49.5MW工程项目,0
5527,大唐佳木斯桦南大架子风电二期49.5MW工程项目,0
5528,大唐佳木斯桦川苏家店风电49.5MW工程项目,大唐佳木斯桦川苏家店风电场工程
5529,大唐济宁邹城风电一期49.5MW工程项目,0
5530,大唐济南长清风电一期49.5MW工程项目,0
5531,大唐济南平阴风电一期49.5MW工程项目,0
5532,大唐济南平阴风电三期49.5MW工程项目,大唐平阴风电场三期工程
5533,大唐济南平阴风电二期49.5MW工程项目,0
5534,大唐怀化芷江晃山风电一期49.5MW工程项目,0
5536,大唐滑县枣村300MW风电场,大唐滑县枣村风电场
5539,大唐呼伦贝尔海拉尔扎罗木得风电49.5MW工程项目,0
5540,大唐鹤岗绥滨望江风电49.5MW工程项目,0
5543,大唐鹤岗绥滨吉成风电49.5MW工程项目,大唐绥滨吉成风电场项目
5544,大唐贺州富川龙头风电一期49.5MW工程项目,富川龙头风电场一期工程项目
5545,大唐贺州富川龙头风电二期49.5MW工程项目,0
5546,大唐哈密伊吾淖毛湖风电200MW工程项目,0
5547,大唐哈密巴里坤哈萨克三塘湖风电一期49.5MW工程项目,大唐巴里坤三塘湖风电场一期49.5兆瓦风电项目
5549,大唐哈尔滨宾县大顶山风电49.5MW工程项目,0
5550,大唐桂林恭城门楼风电49.5MW工程项目,0
5552,大唐广元望江坪风电50MW工程项目,大唐广元望江坪风电场项目
5553,大唐广元凉水泉风电36MW工程项目,0
5555,大唐广元何家山风电场,广元市利州区何家山风电场
5556,大唐广元何家山风电102MW工程项目,0
5557,大唐广元朝天芳地坪风电30MW工程项目,广元市朝天区西北乡芳地坪风电项目
5558,大唐赣州寻乌乱罗嶂风电66MW工程项目,大唐国际赣州寻乌乱罗嶂风电场项目
5559,大唐赣州石城金华山风电64MW工程项目,大唐国际赣州石城金华山风电场项目
5561,大唐赣州安远狮头山风电32.5MW工程项目,大唐国际赣州安远狮头山风电场项目
5562,大唐赣州安远九龙山风电45MW工程项目,江西大唐国际安远九龙山风电场工程
5563,大唐阜新四方庙风电50MW工程项目,0
5565,大唐阜新石金皋风电49.5MW工程项目,0
5566,大唐福州长乐午山风电28MW工程项目,0
5568,大唐大同左云五路山风电二期49.5MW工程项目,0
5569,大唐大同左云五路山风电49.5MW工程项目,0
5572,大唐大同浑源泽清岭风电49.5MW工程项目,0
5573,大唐大同浑源密马鬃梁风电一期49.5MW工程项目,大唐浑源风电项目一期（密马鬃梁）49.5MW工程
5574,大唐大同浑源密马鬃梁风电二期49.5MW工程项目,0
5575,大唐大同浑源凌云口风电一期49.5MW工程项目,大唐浑源凌云口风电场一期&#40;49.5MW&#41;
5576,大唐大庆大同祝三风电49.5MW工程项目,0
5577,大唐大庆大同青山风电49.5MW工程项目,0
5578,大唐大连瓦房店驼山风电49.5MW工程项目,0
5579,大唐大连瓦房店东岗风电新建49.5MW工程项目,0
5580,大唐大理洱源骑龙山风电48.75MW工程项目,大理州洱源县骑龙山风电场项目
5581,大唐大理洱源丰乐风电48.75MW工程项目,0
5582,大唐大理洱源恩兆山风电49.5MW工程项目,0
5585,大唐滁州来安舜山风电49.5MW工程项目,大唐来安县舜山风电场项目
5586,大唐滁州来安龙山风电48MW工程项目,大唐滁州来安龙山风电场
5587,大唐赤峰左旗查干哈达风电49.5MW工程项目,0
5588,大唐赤峰翁旗长汗沟风电49.5MW工程项目,0
5589,大唐赤峰翁旗杨树沟风电49.5MW工程项目,0
5591,大唐赤峰翁旗大碾子风电一期49.5MW工程项目,0
5592,大唐赤峰松山东山风电一期试点49.3MW工程项目,0
5593,大唐赤峰林西风电49.5MW工程项目,0
5594,大唐赤峰林西大水菠萝风电48.75MW工程项目,0
5595,大唐赤峰克旗一棵松风电49.5MW工程项目,0
5596,大唐赤峰克旗头道沟风电49.5MW工程项目,0
5599,大唐赤峰克旗塔山子风电49.5MW工程项目,0
5600,大唐赤峰克旗赛罕坝风电一期30MW工程项目,赤峰市赛罕坝风电场一期工程30MW
5601,大唐赤峰克旗赛罕坝风电三期45.05MW工程项目,赤峰赛罕坝风电场三期工程45.05兆瓦风电项目
5603,大唐赤峰克旗赛罕坝风电二期45.05MW工程项目,赤峰赛罕坝风电场二期工程45.05MW
5604,大唐赤峰克旗青马场风电49.5MW工程项目,0
5606,大唐赤峰克旗大黑山风电49.5MW工程项目,0
5607,大唐赤峰克旗大光顶子山风电一期49.5MW工程项目,0
5609,大唐赤峰克旗达里风电五期49MW工程项目,赤峰达里风电场五期49MW风电工程
5612,大唐赤峰克旗达里风电四期49MW工程项目,赤峰达里风电场四期49MW风力发电工程
5614,大唐赤峰克旗玻力克风电二期49.5MW工程项目,0
5617,大唐赤峰阿旗道德风电49.5MW工程项目,0
5618,大唐赤峰阿鲁科尔沁旗罕山风电400.5MW工程项目,大唐赤峰罕山风电工程项目
5619,大唐赤峰阿鲁科尔沁旗巴拉奇如德风电45MW工程项目,大唐（赤峰）新能源有限公司阿鲁科尔沁旗巴拉奇如德风电场45MW风电项目(凤凰山)
5620,大唐承德丰宁万胜永风电150MW工程项目,0
5624,大唐承德丰宁森吉图风电三期150MW工程项目,河北建投丰宁森吉图风电场（三期）150MW工程
5625,大唐承德丰宁森吉图风电150MW工程项目,河北建投丰宁森吉图风电场（三期）150MW工程
5630,大唐承德丰宁骆驼沟风电一期48MW工程项目,0
5631,大唐承德丰宁骆驼沟风电二期48MW工程项目,丰宁骆驼沟风电场二期工程
5632,大唐承德丰宁大滩风电200MW工程项目,0
5633,大唐承德丰宁大河西风电49.5MW工程项目,0
5635,大唐承德丰宁坝头风电二期48MW工程项目,丰宁坝头风电场二期项目
5640,大唐承德丰宁坝头风电48MW工程项目,0
5642,大唐朝阳喀左双庙风电49.5MW工程项目,0
5651,大唐朝阳喀左三家风电30MW工程项目,0
5655,大唐朝阳喀左公营子风电48MW工程项目,0
5659,大唐朝阳北票小塔子风电48MW工程项目,0
5658,大唐朝阳建平石营子风电49.3MW工程项目,朝阳市建平万家营子风电场工程项目
5660,大唐包头固阳怀朔风电49.5MW工程项目,固阳县怀朔风电场一期49.5MW风电供热项目
5665,大唐白银景泰兴泉风电45MW工程项目,景泰兴泉风电场45MW特许权项目
5666,大唐白银景泰沙塘子风电49.5MW工程项目,0
5667,大唐白银景泰乾丰风电49.5MW工程项目,0
5668,大唐白银景泰前台子风电49.5MW工程项目,0
5669,大唐白银景泰风电试验49MW工程项目,大唐景泰本地化试验风电场49MW项目
5670,大唐白城洮南向阳风电一期400.5MW工程项目,大唐吉林向阳风电场一期工程（400MW）
5671,大唐白城洮南风电一期49.3MW工程项目,0
5672,大唐白城洮南大通风电49.5MW工程项目,0
5673,大唐白城大安新艾里风电一期49.5MW工程项目,0
5675,大唐巴音郭楞库尔勒若羌风电一期49.5MW工程项目,0
5677,大唐巴彦淖尔中旗图古日格风电49.5MW工程项目,0
5679,大唐巴彦淖尔乌后旗那仁宝力格风电试点49.5MW工程项目,0
5680,大唐阿勒泰哈巴河风电一期49.5MW工程项目,哈巴河风电场一期49.5兆瓦风电项目
5682,大连重工张家口张北风电36MW工程项目,0
5686,大丰风力发电有限公司盐城风电场125.25MW发电工程,0
5689,大丰大庆肇源风电49.5MW工程项目,0
5694,大柴旦明阳新能源有限公司大柴旦10万千瓦风电项目,青海明阳大柴旦10万千瓦风电项目
5700,诚瑞赤峰克旗上头地风电99MW工程项目,0
5706,辰能双鸭山饶河大顶子山风电49.5MW工程项目,0
5711,辰能佳木斯富锦风电一期24.3MW工程项目,0
5714,辰能佳木斯富锦风电三期48MW工程项目,0
5722,辰能佳木斯富锦风电二期18MW工程项目,0
5732,滨州粤水电沾化滨海一期85MW风电项目,滨州粤水电沾化滨海二期风电项目
5733,滨州粤水电沾化滨海二期36MW风电项目,滨州粤水电沾化滨海二期风电项目
5747,北控清洁能源集团有限公司风电供热配套50MW风力发电项目,北控清洁能源集团有限公司风电供热配50MWP风力发电项目
5768,巴彦淖尔市能德风电有限公司乌拉特中旗新忽热10MW分散式风电项目,国华巴彦淖尔（乌拉特中旗）风电有限公司乌拉特中旗20MWP光伏发电项目
5769,奥陆嘉白城洮北宝山风电一期49.5MW工程项目,0
5770,鞍钢营口鲅鱼圈风电6MW工程项目,0
5772,安尚通辽科左后旗甘旗卡镇呼勒斯台嘎查分布式风电3MW工程项目,0
5774,阿拉善盟额济纳旗分散式风电一期30MW工程项目,0
5775,UPC泰安肥城刘台风电49.5MW工程项目,UPC山东肥城刘台49.5MW风电场项目
5788,追日电气天门渔薪20MWp地面光伏电站,追日电气天门渔薪20MWP地面光伏电站
5806,中祥连云港20MWp并网光伏电站项目,中祥连云港20MWP并网光伏电站项目
5807,中卫正泰迎水桥20MWp光伏电站项目,中卫正泰迎水桥20MWP光伏电站项目
5842,中宁隆基天华余丁乡20MWp光伏电站项目,中宁隆基天华余丁乡20MWP光伏电站项目
5849,中民新能敖伦布拉格50MWp并网光伏发电项目,中民新能敖伦布拉格50MWP并网光伏发电项目
5861,中民投宁夏盐池光伏发电380MWp项目,中民投宁夏盐池光伏发电380MWP项目
5878,中科蓝天百灵庙风电场10MWp太阳能光伏发电项目,中科蓝天百灵庙风电场10MWP太阳能光伏发电项目
5887,中节能中卫一期20MWp光伏电站项目,中节能中卫一期20MWP光伏电站项目
5890,中节能中卫二期20MWp光伏电站项目,中节能中卫二期20MWP光伏电站项目
5905,中节能太阳山光伏发并网电站三期50MWp工程项目,中节能太阳山光伏发并网电站三期50MWP工程项目
5906,中节能太阳山二期20MWp光伏并网发电项目,中节能太阳山二期20MWP光伏并网发电项目
5953,中节能太阳能江苏射阳20MWp滩涂光伏并网发电项目,中节能太阳能江苏射阳20MWP滩涂光伏并网发电项目
5956,中节能太阳能安顺市关岭县“关岭县普利农业光伏电站项目”一期10万kw光伏电站,中节能太阳能安顺市关岭县“关岭县普利农业光伏电站项目”一期10万KW光伏电站
5967,中节能石嘴山农业科技大棚20MWp光伏农业电站项目,中节能石嘴山农业科技大棚20MWP光伏农业电站项目
5968,中节能石嘴山二期20MWp光伏并网发电项目,中节能石嘴山二期20MWP光伏并网发电项目
5974,中节能山西芮城光伏领跑技术基地斜坡50MWp光伏发电项目,中节能山西芮城光伏领跑技术基地斜坡50MWP光伏发电项目
5976,中节能山东德州10MWp光伏并网电站项目,中节能山东德州10MWP光伏并网电站项目
5986,中节能孪井滩三期50MWp光伏并网发电项目,中节能孪井滩三期50MWP光伏并网发电项目
5987,中节能孪井滩光伏并网发电项目二期50MWp工程,中节能孪井滩光伏并网发电项目二期50MWP工程
6022,中建材新能源疏附县并网光伏电站20MWp项目,中建材新能源疏附县并网光伏电站20MWP项目
6042,中核汇能宁夏同心100MWp光伏发电项目,中核汇能宁夏同心100MWP光伏发电项目
6043,中核阿坝县麦尔玛20MWp并网光伏电站项目,中核阿坝县麦尔玛20MWP并网光伏电站项目
6044,中核阿坝县麦尔玛10MWp并网光伏电站项目,阿坝县麦尔玛10WMP并网光伏电站项目
6045,中国自动化集团宁夏中自清洁能源同心150MWp光伏发电项目,中国自动化集团宁夏中自清洁能源同心150MWP光伏发电项目
6055,中国节能投资公司太阳山10MWp光伏并网发电项目,0
6057,中国电力麻城铁门岗50.44MWp地面光伏电站,中国电力麻城铁门岗50.44MWP地面光伏电站
6078,中广核盐源县棉桠乡核桃园50MWp风光互补并网光伏发电项目,中广核盐源棉桠乡核桃园村50MWP光伏电站
6083,中广核西藏山南桑日并网光伏电站二期20MWp工程,中广核西藏山南桑日并网光伏电站二期20MWP工程
6085,中广核图木舒克并网光伏发电站一期30MWp项目,中广核图木舒克并网光伏发电站一期30MWP项目
6089,中广核太阳能乌兰有限公司乌兰30MWp并网光伏发电项目,0
6090,中广核太阳能桑日一期10MWp光伏并网发电,中电投西藏桑日并网光伏电站10MWP项目
6091,中广核太阳能拉孜一期20MWp并网光伏电站项目,中广核太阳能拉孜一期20MWP并网光伏电站项目
6132,中广核随州曾都万店50MWp地面光伏电站一期10MW,0
6135,中广核随州曾都万店50MWp地面光伏电站二期40MW,0
6147,中广核青铜峡二期20MWp光伏电站项目,中广核青铜峡二期20MWP光伏电站项目
6149,中广核黔西南自治州贞丰县陇塔10万kW农业光伏电站项目,中广核黔西南自治州贞丰县陇塔10万KW农业光伏电站项目
6153,中广核黔西南自治州贞丰县龙场二期4万kW林业光伏电站项目,中广核黔西南自治州贞丰县龙场二期4万KW林业光伏电站项目
6157,中广核黔西南自治州普安县营山12万kw农业光伏电站项目,中广核黔西南自治州普安县营山12万KW农业光伏电站项目
6170,中广核定远县七里塘乡一期3万kw渔光互补光伏电站,中广核定远县七里塘乡一期3万KW渔光互补光伏电站
6172,中广核安顺市关岭县纳卜17万kW林业光伏电站项目,中广核安顺市关岭县纳卜17万KW林业光伏电站项目
6177,中鼎光伏苏埠镇20MWp渔光互补光伏电站项目,中鼎光伏苏埠镇20MWP渔光互补光伏电站项目
6178,中电云和夏家洋15MWp林农光互补光伏发电项目,中电云和夏家垟15MW林农光互补光伏发电项目
6181,中电投浙江江山上余“20MWp”渔光互补光伏电站,中电投浙江江山上余“20MWP”渔光互补光伏电站
6185,中电投新疆吐鲁番三期20MWp光伏并网发电工程项目,中电投新疆吐鲁番三期20MWP光伏并网发电工程项目
6217,中电投西藏桑日并网光伏电站10MWp项目,中电投西藏桑日并网光伏电站10MWP项目
6218,中电投西藏桑日10MWp并网光伏电站,中电投西藏分公司桑日二期10兆瓦并网光伏电站工程
6228,中电投吐鲁番二期20MWp光伏并网电站工程项目,中电投吐鲁番二期20MWP光伏并网电站工程项目
6230,中电投泰来宁姜10mwp光伏电站项目,中电投泰来宁姜10MWP光伏电站项目
6231,中电投太阳山光伏并网电站一期30MWp项目,中电投太阳山光伏并网电站一期30MWP项目
6232,中电投四子王旗幸福风电场风光一体化20MWp光伏发电项目,中电投四子王旗幸福风电场风光一体化20WMP光伏发电项目
6233,中电投山东高青渔光互补20MWp光伏电站项目（二期）,中电投山东高青渔光互补20MWP光伏电站项目（二期）
6234,中电投山东高青渔光互补20MWp光伏电站项目,中电投山东高青渔光互补20MWP光伏电站项目
6239,中电投内蒙古巴彦淖尔市乌拉特中旗川井风光同场20MWp光伏发电工程,中电投内蒙古巴彦淖尔市乌拉特中旗川井风光同场20MWP光伏发电工程
6252,中电投柯坪五期20MWp光伏并网发电项目,中电投柯坪五期20MWP光伏并网发电项目
6254,中电投柯坪四期20MWp光伏并网发电项目,中电投柯坪四期20MWP光伏并网发电项目
6257,中电投江西电力有限公司洪门水电厂13MWp光伏电站项目,中电投江西电力有限公司洪门水电厂13MWP光伏电站项目
6285,中电投黄河公司中宁10MWp光伏并网发电项目,中电投黄河公司中宁10MWP光伏并网发电项目
6291,中电投洪泽20MWp地面光伏电站项目,0
6292,中电投红墩子矿区二期30MWp光伏电站项目,中电投红墩子矿区二期30MWP光伏电站项目
6295,中电投红墩子矿区30MWp光伏电站项目,中电投红墩子矿区30MWP光伏电站项目
6316,中电投高家30MWp农（林）光互补光伏电站项目,中电投高家30MWP农（林）光互补光伏电站项目
6324,中电投东北电力开发公司阜新紫都台10MWp光伏发电项目,中电投东北电力开发公司阜新紫都台10MWP光伏发电项目
6325,中电投磴口县50MWp结合农业沙化治理光伏发电项目,中电投磴口县50MWP结合农业沙化治理光伏发电项目
6326,中电投磴口光伏发电有限公司巴彦淖尔市磴口20MWp光伏发电项目,0
6343,中电投达茂旗百灵庙一期20MWp光伏发电项目,中电投达茂旗百灵庙一期20MWP光伏发电项目
6345,中电投沧州渤海新区50MWp光伏电站项目,中电投沧州渤海新区50MWP光伏电站项目
6347,中电泰来双兴10Mwp光伏电站项目,中电泰来双兴10MWP光伏电站项目
6357,中电建广水十里50MWp风光一体化光伏电站,中电建广水十里50MWP风光一体化光伏电站
6372,中电电气通山燕厦100MWp地面光伏电站,中电电气通山燕厦100MWP地面光伏电站
6376,中电电气集团有限公司乌兰浩特市一期30MWp光伏电站发电项目,中电电气集团有限公司乌兰浩特市一期30MWP光伏电站发电项目
6393,正泰新能源衢州160MWp光伏生态公园项目,正泰新能源衢州160MWP光伏生态公园项目
6396,正利新能源发电有限公司杭锦旗独贵塔拉100MWp光伏发电项目,正利新能源发电有限公司杭锦旗独贵塔拉100MWP光伏发电项目
6404,振发库伦旗30MWp光伏并网发电项目,振发库伦旗30MWP光伏并网发电项目
6417,浙江同景江山市凤林株树农光互补一期30MWp光伏电站发电项目,浙江同景江山市凤林株树农光互补一期30MWP光伏电站发电项目
6428,浙江大唐文成二源镇23MW林光互补光伏项目,浙江大唐文成二源镇林光互补光伏项目
6430,肇东市泰光新能源有限公司二期20MWp光伏发电项目,0
6447,昭通茂创能源开发有限公司鲁甸县农业地面30MWp光伏电站发电项目,昭通茂创能源开发有限公司鲁甸县农业地面30MWP光伏电站发电项目
6448,长垣中广核太阳能有限公司30MWp光伏发电项目,长垣中广核太阳能有限公司30MWP光伏发电项目
6457,长丰县杨庙镇潘大庄水库10MWp渔光一体光伏电站项目,长丰县杨庙镇潘大庄水库10MWP渔光一体光伏电站项目
6476,漳河新能源荆门漳河水光互补10MWp光伏电站及新能源微电网示范项目,漳河新能源荆门漳河水光互补10MWP光伏电站及新能源微电网示范项目
6492,张北六歪咀50MWp光伏电站项目,张北六歪咀50MWP光伏电站项目
6500,湛江市经济技术开发区绿隆30兆瓦渔光互补发电项目,0
6509,扎哈淖尔煤业扎鲁特旗阿日昆都楞风电场二期10MWp光伏发电项目,扎哈淖尔煤业扎鲁特旗阿日昆都楞风电场二期10MWP光伏发电项目
6524,枣庄荣盛光伏电力投资有限公司枣庄市市中区齐村镇20MWp（一期10MWp）地面光伏电站项目,枣庄荣盛光伏电力投资有限公司枣庄市市中区齐村镇20MWP（一期10MWP）地面光伏电站项目
6533,郧西县上津镇30MWp地面光伏电站,郧西县上津镇30MWP地面光伏电站
6544,云和包山30MWp林农光互补光伏电站项目,云和包山30MWP林农光互补光伏电站项目
6548,粤水电柯坪县二期20MWp光伏并网发电项目,粤水电柯坪县二期20MWP光伏并网发电项目
6550,粤水电柯坪县20MWp光伏发电并网发电项目,粤水电柯坪县20MWP光伏发电并网发电项目
6571,昱辉伊犁特克斯一期20MWp光伏电站发电项目,昱辉伊犁特克斯一期20MWP光伏电站发电项目
6582,玉环晶能电力经济开发区120MWp农光互补地面光伏发电项目,玉环晶能电力经济开发区120MWP农光互补地面光伏发电项目
6583,玉柴农光公司桂平市玉柴桂平农光互补光伏发电三期B区项目4万kW光伏电站,玉柴农光公司桂平市玉柴桂平农光互补光伏发电三期B区项目4万KW光伏电站
6585,玉柴农光公司桂平市玉柴桂平农光互补光伏发电三期A区项目4万kW光伏电站,玉柴农光公司桂平市玉柴桂平农光互补光伏发电三期A区项目4万KW光伏电站
6594,虞城张集镇50MWp农光互补光伏发电项目,虞城张集镇50MWP农光互补光伏发电项目
6597,榆林新晶太阳能发电有限公司榆林市新晶榆阳50兆瓦光伏电站项目5万kw光伏电站,榆林新晶太阳能发电有限公司榆林市新晶榆阳50兆瓦光伏电站项目5万KW光伏电站
6625,余江县新阳新能源有限公司30MWp农（渔）光互补光伏电站项目,0
6628,余干县梅港20MWp地面林光互补光伏电站项目,余干县梅港20MWP地面林光互补光伏电站项目
6629,余干县梅港10MWp地面林光互补光伏电站项目,余干县梅港10MWP地面林光互补光伏电站项目
6630,余干县20MWp林光互补光伏电站项目,余干县20MWP林光互补光伏电站项目
6631,甬慈能源15.6MWp牛隔离场光伏发电项目,甬慈能源15.6MWP牛隔离场光伏发电项目
6663,英利郧阳南化塘50MWp地面光伏电站,英利郧阳南化塘50MWP地面光伏电站
6672,英利广宗县15MWp光伏发电项目,英利广宗县15MWP光伏发电项目
6677,英德源远8.42MWp地面光伏发电示范项目,0
6682,银星能源中卫镇罗镇20MWp光伏电站项目,银星能源中卫镇罗镇20MWP光伏电站项目
6683,银星能源中卫东园镇山区10MWp光伏项目,银星能源中卫东园镇山区10MWP光伏项目
6685,银川瑞明13MWp光伏光热发电项目,银川瑞明13MWP光伏光热发电项目
6705,宜阳县董王庄乡武坟50MWp（一期15MWp）地面光伏电站,宜阳县董王庄乡武坟50MWP（一期15MWP）地面光伏电站
6740,阳原大黑沟一期100MWp光伏并网电站项目,阳原大黑沟一期100MWP光伏并网电站项目
6741,阳信县2017年集中式扶贫光伏电站建设项目,0
6743,阳江印山南药基地光伏电站项目,0
6744,阳江市阳春市马水镇石菉村（铜矿排土场）50MW农业光伏电站,0
6755,阳东县大沟镇50MW光伏农业与光伏观光旅游综合利用示范项目,0
6759,扬州永泰新能源发展有限公司10MWp渔光互补光伏发电项目,扬州永泰新能源发展有限公司10MWP渔光互补光伏发电项目
6763,扬州光硕新能源有限公司30MWp渔光互补光伏发电项目,扬州光硕新能源有限公司30MWP渔光互补光伏发电项目
6771,砚山县30MWp并网光伏发电项目,砚山县30MWP并网光伏发电项目
6772,砚山县20MWp光伏并网发电项目,砚山县20MWP光伏并网发电项目
6793,盐池县华秦20MWp地面太阳能发电项目,盐池县华秦20MWP地面太阳能发电项目
6794,盐池县光大15MWp光伏电站项目,盐池县光大15MWP光伏电站项目
6852,徐闻县峙头村40MWp光伏发电项目,0
6855,徐闻南山60MW渔光互补光伏发电项目一期40MWp,徐闻南山60MW渔光互补光伏发电项目一期40MWP
6856,徐闻鲤鱼潭水库光伏电站三期30兆瓦项目,0
6882,宿迁兴塘河10MWp光伏发电项目,宿迁兴塘河10MWP光伏发电项目
6887,宿迁9.3MWp屋顶光伏并网电站项目,宿迁9.3MWP屋顶光伏并网电站项目
6891,兴业太阳能郧西土门30MWp地面光伏电站,兴业太阳能郧西土门30MWP地面光伏电站
6892,兴电新能源兴义市甲马石5万kW农业光伏电站项目,兴电新能源兴义市甲马石5万KW农业光伏电站项目
6901,信义新能源寿县东大圩100MWp渔光互补光伏电站项目,信义新能源寿县东大圩100MWP渔光互补光伏电站项目
6902,信义新能源寿县安丰镇100MWp渔光互补光伏电站项目,信义光能寿县安丰镇100MWP渔光互补太阳能光伏发电站项目
6903,信义新能源红安七里坪（二期）50MWp农业产业园光伏电站,信义新能源红安七里坪（二期）50MWP农业产业园光伏电站
6906,信义孝昌邹岗150MWp设施农业光伏电站,信义孝昌邹岗150MWP设施农业光伏电站
6908,信义孝昌邹岗（二期）40MWp设施农业光伏电站,信义孝昌邹岗（二期）40MWP设施农业光伏电站
6909,信义孝昌白沙（一期）10MWp设施农业光伏电站,信义孝昌白沙（一期）10MWP设施农业光伏电站
6910,信义孝昌白沙（二期）20MWp设施农业光伏电站,信义孝昌白沙（二期）20MWP设施农业光伏电站
6918,信义遂平光伏农业产业园110MWp光伏电站项目,信义遂平光伏农业产业园110MWP光伏电站项目
6925,信义红安光伏农业产业园（一期）50MWp光伏电站,信义红安光伏农业产业园（一期）50MWP光伏电站
6930,信义光能寿县安丰镇100MWp渔光互补太阳能光伏发电站项目,信义新能源寿县安丰镇100MWP渔光互补光伏电站项目
6944,信义光能（繁昌）有限公司岱湖20MWp渔光互补光伏电站（二期）项目,信义光能（繁昌）有限公司岱湖20MWP渔光互补光伏电站（二期）项目
6946,信义玻璃（天津）有限公司武清15MWp光伏发电项目,0
6947,信丰县正平镇30MWp农光互补光伏发电项目,信丰县正平镇30MWP农光互补光伏发电项目
6968,新天哈电泰来宁姜10MWp光伏电站项目,新天哈电泰来宁姜10MWP光伏电站项目
6969,新天哈电泰来立志10MWp光伏电站项目,新天哈电泰来立志10MWP光伏电站项目
6990,新疆英利二师29团二期20mw光伏发电项目,新疆英利二师29团二期20MW光伏发电项目
7025,新疆利源新辉六师奇台农场50MWp光伏电站项目,新疆利源新辉六师奇台农场50MWP光伏电站项目
7028,新疆京能五家渠光伏发电一期20MWp项目,新疆京能五家渠光伏发电一期20MWP项目
7029,新疆京能五家渠光伏发电二期20MWp项目,新疆京能五家渠光伏发电二期20MWP项目
7055,新疆哈密20MWp光伏并网发电特许权项目,0
7060,新建长治光伏发电技术领跑基地平顺县250MWp光伏发电项目,新建长治光伏发电技术领跑基地平顺县250MWP光伏发电项目
7061,新建长治光伏发电技术领跑基地黎城县250MWp光伏发电项目,新建长治光伏发电技术领跑基地黎城县250MWP光伏发电项目
7106,新建山西阳泉市采煤沉陷区国家先进技术光伏发电示范基地小沟-山底（河底）100MWp光伏发电项目,新建山西阳泉市采煤沉陷区国家先进技术光伏发电示范基地小沟-山底（河底）100MWP光伏发电项目
7109,新建山西阳泉市采煤沉陷区国家先进技术光伏发电示范基地西峪-岭西岩50MWp光伏发电项目,新建山西阳泉市采煤沉陷区国家先进技术光伏发电示范基地西峪-岭西岩50MWP光伏发电项目
7111,新建山西阳泉市采煤沉陷区国家先进技术光伏发电示范基地五矿煤矸石（冶西）100MWp光伏发电项目,新建山西阳泉市采煤沉陷区国家先进技术光伏发电示范基地五矿煤矸石（冶西）100MWP光伏发电项目
7172,新巴尔虎左旗蒙力新能源科技有限公司40MWp光伏电站项目,新巴尔虎左旗蒙力新能源科技有限公司40MWP光伏电站项目
7180,忻州楚能忻府区庄磨镇10MWp光伏发电项目,忻州楚能忻府区庄磨镇10MWP光伏发电项目
7195,协鑫遂溪县120MW光伏发电项目（一期40MW）,0
7197,协鑫雷州市100MW渔光互补发电项目（一期30MW）,0
7201,协鑫江陵三湖100MWp渔光互补光伏电站,协鑫江陵三湖100MWP渔光互补光伏电站
7202,协鑫海丰县100MWp农业光伏发电项目,协鑫海丰县100MWP农业光伏发电50MWP项目
7204,协鑫海丰赤坑镇150MW（一期30MW）渔光互补电站项目,0
7209,协合风电投资有限公司达茂旗巴音5号风电场风光一体化10MWp光伏电站项目,协合风电投资有限公司达茂旗巴音5号风电场风光一体化10MWP光伏电站项目
7232,锡林浩特市50MWp光伏发电项目,锡林浩特市50MWP光伏发电项目
7260,西藏日喀则一期10MWp太阳能光伏并网电站,0
7264,西藏日喀则10MWp太阳能光伏并网电站,西藏日喀则10MWP太阳能光伏并网电站
7278,舞阳中晖光伏发电有限公司20mwp太阳能农业大棚发电站建设项目,舞阳中晖光伏发电有限公司20MWP太阳能农业大棚发电站建设项目
7279,舞阳县狄青湖20MWp太阳能光伏发电建设项目,舞阳县狄青湖20MWP太阳能光伏发电建设项目
7323,武汉日新麻城宋埠40MWp农光互补光伏电站项目,武汉日新麻城宋埠40MWP农光互补光伏电站项目
7355,五家渠京能六师北塔山牧场30MWp光伏发电项目,0
7356,五家渠爱康六师奇台农场50MWp光伏电站项目,五家渠爱康六师奇台农场50MWP光伏电站项目
7357,五华县惠农新能源有限公司30MWp地面光伏项目,0
7358,无为县苏塘水库20MWp“渔光互补”光伏发电项目,无为县苏塘水库20MWP“渔光互补”光伏发电项目
7411,乌兰浩特市智慧巨能45MWp光伏并网发电项目,乌兰浩特市智慧巨能45MWP光伏并网发电项目
7413,乌兰察布鑫盛太阳能科技有限公司商都县30MWp光伏农业科技大棚棚顶电站项目一期20MW,乌兰察布鑫盛太阳能科技有限公司商都县30MWP光伏农业科技大棚棚顶电站项目一期20MW
7414,乌兰察布市四子王旗40MWp光伏项目,乌兰察布市四子王旗40MWP光伏项目
7415,乌兰察布市察右前旗香岛现代农业园区200MWp光伏电站项目（一期30MWp）,乌兰察布市香岛光伏科技有限公司乌兰察布察哈尔右翼前旗乌兰察布市察右前旗香岛现代农业园区200MWP光伏电站项目（二期10MWP）10MW发电工程
7416,乌兰布和10MWp结合农牧业光伏并网发电项目,乌兰布和10MWP结合农牧业光伏并网发电项目
7418,乌拉特前旗协兴光伏发电有限公司20MWp光伏发电与农业一体化,乌拉特前旗协兴光伏发电有限公司20MWP光伏发电与农业一体化
7423,乌拉特前旗协合20MWp太阳能光伏发电项目,乌拉特前旗协合光伏发电有限公司乌拉特前旗20MWP太阳能光伏发电项目
7425,乌拉特后旗源海新能源有限责任公司乌拉特后旗100MWp生态光伏发电项目,乌拉特后旗源海新能源有限责任公司乌拉特后旗100MWP生态光伏发电项目
7432,翁旗10MWp设施农业光伏发电项目,赤峰光大光伏农业发展有限公司翁旗10MWP设施农业光伏发电项目
7450,温岭芯能台州市温岭市温岭芯能新能源有限公司（利欧股份）0.85万kW光伏电站,0
7490,威宁县小官山85MWp农业光伏电站一期50MWp项目,威宁县小官山85MWP农业光伏电站一期50MWP项目
7491,威宁县小官山85MWp农业光伏电站二期35MWp项目,威宁县小官山85MWP农业光伏电站二期35MWP项目
7496,威宁县黑土河发地口子40MWp农业光伏项目,威宁县黑土河发地口子40MWP农业光伏项目
7500,望江县信义50MWp光伏并网电站项目(一期）,望江县信义50MWP光伏并网电站项目(一期）
7503,万庾镇虾扒湖20MWp渔光互补光伏发电,万庾镇虾扒湖20MWP渔光互补光伏发电
7504,万庾镇孟尝村20MWp渔光互补光伏发电项目,万庾镇孟尝村20MWP渔光互补光伏发电项目
7506,万庾镇槐树村10MWp渔光互补光伏发电项目,万庾镇槐树村10MWP渔光互补光伏发电项目
7507,万年县湖云水库50MWp渔光互补电站项目,万年县湖云水库50MWP渔光互补电站项目
7510,瓦房店西屏山26MWp光伏发电项目,瓦房店西屏山26MWP光伏发电项目
7517,屯昌20MWp现代农业太阳能并网电站,屯昌20MWP现代农业太阳能并网电站
7518,吐鲁番自然天成七泉湖光伏一期项目（20MWp）,吐鲁番自然天成七泉湖光伏一期项目（20MWP）
7532,土右旗50MWp光伏农业一体化示范项目（首批10MWp）,土右旗50MWP光伏农业一体化示范项目（首批10MWP）
7538,图木舒克市正国电力20MWp太阳能光伏并网电站,图木舒克市正国电力20MWP太阳能光伏并网电站
7540,图木舒克市荣信新能源一期20MWp并网光伏发电项目,图木舒克市荣信新能源一期20MWP并网光伏发电项目
7545,图木舒克阿特斯新能源开发有限公司并网光伏发电站一期30MWp项目,图木舒克阿特斯新能源开发有限公司并网光伏发电站一期30MWP项目
7550,铜川光伏技术领跑基地宜君县峡光250MWp光伏发电项目,铜川光伏技术领跑基地宜君县峡光250MWP光伏发电项目
7551,铜川光伏发电技术领跑基地宜君县天兴250MWp光伏发电项目,铜川光伏发电技术领跑基地宜君县天兴250MWP光伏发电项目
7555,同心隆基30MWp光伏电站项目,同心隆基30MWP光伏电站项目
7556,同心隆基30MWp二期光伏电站项目,同心隆基30MWP二期光伏电站项目
7564,通威渔光一体如东一期10MWp光伏发电项目,通威渔光一体如东一期10MWP光伏发电项目
7565,通威渔光一体科技（怀宁）有限公司凉亭方家湖20MWp渔光一体光伏发电项目,通威渔光一体科技（怀宁）有限公司凉亭方家湖20MWP渔光一体光伏发电项目
7566,通威渔光一体（台山）现代渔业产业园一期25MW光伏发电项目,0
7572,通威省级渔业精品园40MWp渔光一体项目,通威省级渔业精品园40MWP渔光一体项目
7574,通威黔江100MWp并网光伏电站,通威黔江100MWP并网光伏电站
7575,通威巴州且末20MWp光伏并网发电项目,通威巴州且末20MWP光伏并网发电项目
7577,通辽市科左后旗朝鲁吐9MWp光伏发电项目,通辽市科左后旗朝鲁吐9MWP光伏发电项目
7604,天津中天信德静海中旺镇18MWp渔光互补光伏发电项目,天津中天信德静海中旺镇18MWP渔光互补光伏发电项目
7607,天津中天恩能静海梁头镇15MWp渔光互补光伏发电项目,天津中天恩能静海梁头镇15MWP渔光互补光伏发电项目
7608,天津中电晟发太平镇窦庄子一期95MWp渔光互补光伏发电项目,天津中电晟发太平镇窦庄子一期95MWP渔光互补光伏发电项目
7609,天津中电晟发太平镇窦庄子二期65MWp渔光互补光伏发电项目,天津中电晟发太平镇窦庄子二期65MW渔光互补光伏发电项目
7610,天津昱隆静海镇后杨庄94MWp土地复合利用光伏发电项目（光伏发电部分）,天津昱隆静海镇后杨庄94MWP土地复合利用光伏发电项目（光伏发电部分）
7616,天津明瑞蔡公庄镇四党口24MWp土地复合利用光伏发电项目（光伏发电部分）,天津明瑞蔡公庄镇四党口24WMP土地复合利用光伏发电项目（光伏发电部分）
7618,天津华电大港刘岗庄40MWp光伏发电项目,天津华电大港刘岗庄40MWP光伏发电项目
7622,天津大唐国际盘山发电有限责任公司天津市蓟州区大唐天津盘山电厂1万kW光伏电站,天津大唐国际盘山发电有限责任公司天津市蓟州区大唐天津盘山电厂1万KW光伏电站
7627,天湖能源孝南三汊40MWp设施农业光伏电站,天湖能源孝南三汊40MWP设施农业光伏电站
7640,特变电工新疆新能源农十三师柳树泉农场光伏电场一期20MWp工程项目,特变电工新疆新能源股份有限公司农十三师柳树泉农场光伏电场一期20MWP工程项目
7649,特变电工新疆新能源股份阿瓦提县并网光伏发电站一期20MWp项目,特变电工新疆新能源股份有限公司阿瓦提县并网光伏发电站一期20MWP项目
7651,特变电工新疆哈密景峡50MWp光伏发电项目,特变电工新疆哈密景峡50MWP光伏发电项目
7654,特变电工农十二师221团300MWp光伏电站一期20MWp项目,特变电工农十二师221团300MWP光伏电站一期20MWP项目
7656,特变电工农六师红旗农场100MWp光伏发电一期20MWp电站项目,特变电工农六师红旗农场100MWP光伏发电一期20MWP电站项目
7657,特变电工木垒光伏园区100MWp光伏发电项目,特变电工木垒光伏园区100MWP光伏发电项目
7661,特变电工克州阿图什20MWp光伏并网发电项目,特变电工克州阿图什20MWP光伏并网发电项目
7671,特变电工红寺堡100MWp光伏发电项目,特变电工红寺堡100MWP光伏发电项目
7720,台前协鑫光伏电力有限公司20mw光伏发电项目,台前协鑫光伏电力有限公司20MW光伏发电项目
7721,遂溪县遂西光伏农业综合利用项目（一期40MW）,0
7722,遂平县嵖岈山镇凤凰山二期10MWp光伏发电项目,遂平县嵖岈山镇凤凰山二期10MWP光伏发电项目
7735,苏尼特左旗环昕新能源有限公司一期50MWp光伏发电项目,苏尼特左旗环昕新能源有限公司一期50MWP光伏发电项目
7777,四川中为盐源县三棵树一期50MWp光伏电站发电项目,四川中为盐源县三棵树一期50MWP光伏电站发电项目
7778,四川凉山州盐源县白乌光伏电站50MWp农光互补项目,四川凉山州盐源县白乌光伏电站50MWP农光互补项目
7783,朔州市（平鲁）晶沃光电科技有限公司平鲁区20MWp光伏发电项目,0
7799,始兴县兴泰60MW农光互补光伏发电综合利用项目,0
7800,石嘴山天得光伏发电有限公司10MWp光伏并网发电项目,石嘴山天得光伏发电有限公司10MWP光伏并网发电项目
7802,石嘴山光伏并网电站二期20MWp工程项目,石嘴山光伏并网电站二期20MWP工程项目
7803,石嘴山10MWp光伏并网发电项目,石嘴山10MWP光伏并网发电项目
7817,盛宇电力中卫30MWp光伏电站项目,盛宇电力中卫30MWP光伏电站项目
7826,神木县远航新能源有限公司30MWp光伏发电项目,神木县远航新能源有限公司30MWP光伏发电项目
7828,神木县平元电力有限公司50MWp光伏发电项目,0
7830,神木县绿源新能源电力有限公司30MWp光伏发电项目,神木县绿源新能源电力有限公司30MWP光伏发电项目
7838,神光神木30MWp光伏电站项目,神光神木30MWP光伏电站项目
7845,深能源葫芦岛市南票区10MWp光伏项目,深能源葫芦岛市南票区10MWP光伏项目
7846,深能奈曼二期10MWp光伏发电项目,深能奈曼二期10MWP光伏发电项目
7851,深能北方能源控股有限公司镶黄旗20MWp太阳能光伏发电项目,深能北方能源控股有限公司镶黄旗20MWP太阳能光伏发电项目
7853,深能北方满洲里（二期）10MWp光伏发电项目,深能北方满洲里（二期）10MWP光伏发电项目
7854,深能北方（满洲里）能源开发有限公司满洲里10MWp光伏发电项目,深能北方（满洲里）能源开发有限公司满洲里10MWP光伏发电项目
7864,韶关南雄工业园光伏电站,0
7877,尚德桑日10MWp并网光伏电站,尚德桑日10MWP并网光伏电站
7879,尚德红星二场50MWp并网光伏电站建设项目一期30MWp工程项目,尚德红星二场50MWP并网光伏电站建设项目一期30MWP工程项目
7897,商丘市刘口乡50MWp光伏农业大棚光伏电站项目（一期30MWp）,商丘市刘口乡50MWP光伏农业大棚光伏电站项目（一期30MWP）
7898,商丘市刘口乡50MWp光伏农业大棚光伏电站项目（二期20MWp）,商丘市刘口乡50MWP光伏农业大棚光伏电站项目（二期20MWP）
7899,商南县农业大棚顶棚20MWp并网光伏发电项目,商南县农业大棚顶棚20MWP并网光伏发电项目
7905,陕县100MWp地面光伏并网发电站（一期50MW）,陕县100MWP地面光伏并网发电站（一期50MW）
7910,陕西光伏太阳能发电有限公司靖边38MWp光伏并网发电项目,陕西光伏太阳能发电有限公司靖边38MWP光伏并网发电项目
7915,陕西光伏产业有限公司靖边20MWp光伏并网发电项目,0
7918,陕西翱腾光伏发电有限公司榆林市榆阳区翱腾榆阳5万kW光伏电站,陕西翱腾光伏发电有限公司榆林市榆阳区翱腾榆阳5万KW光伏电站
7921,山西阳泉市采煤沉陷区国家先进技术光伏发电示范基地龙庄50MWp光伏发电,山西阳泉市采煤沉陷区国家先进技术光伏发电示范基地龙庄50MWP光伏发电
7932,山西国际能源新能源左权县5万kW光伏电站项目,山西国际能源新能源左权县5万KW光伏电站项目
7933,山西国际能源新能源天镇县5万kW光伏电站项目,山西国际能源新能源天镇县5万KW光伏电站项目
7942,山东邹城煤炭塌陷区9MWp光伏生态园发电工程,0
7963,山东冠丰冠县高效农业光伏产业园50MWp光伏发电项目,山东冠丰冠县高效农业光伏产业园50MWP光伏发电项目
7970,沙洋金源沙洋马良46MWp农光互补光伏电站,沙洋金源沙洋马良46MWP农光互补光伏电站
7971,沙洋金伏沙洋马良55MWp农光互补光伏电站,沙洋金伏沙洋马良55MWP农光互补光伏电站
7973,沙雅县晶芯一期20MWp光伏并网电站项目,沙雅县晶芯一期20MWP光伏并网电站项目
7975,三峡正蓝旗清洁能源有限公司100MWp光伏发电项目,三峡正蓝旗清洁能源有限公司正蓝旗100MWP光伏发电项目
7985,三峡新能源太阳山20MWp光伏电站项目,三峡新能源太阳山20MWP光伏电站项目
7987,三峡新能源曲阳光伏电站4-2期20兆瓦并网发电扶贫项目,曲阳光伏电站4-2期20兆瓦光伏扶贫项目
7989,三峡新能源曲阳光伏电站4-1期30兆瓦并网发电扶贫项目,曲阳光伏电站4-1期30兆瓦并网发电扶贫项目
7999,三峡新能源六师北塔山牧场50MWp光伏发电项目,三峡新能源六师北塔山牧场50MWP光伏发电项目
8030,三峡新能源朝阳水泉（10MWp）光伏发电项目,三峡新能源朝阳水泉（10MWP）光伏发电项目
8080,曲水逐日光伏发电有限公司一期20MWp光伏项目,曲水逐日光伏发电有限公司一期20MWP光伏项目
8094,清芸阳光儒洞镇30MWP光伏农业观光旅游综合利用项目,0
8098,青铜峡光伏并网电站大唐国际一期10MWp项目,青铜峡光伏并网电站大唐国际一期10MWP项目
8126,青海山一中氚太阳能电力有限公司格尔木10MWp并网光伏发电项目,青海山一中氚太阳能电力有限公司格尔木10MWP并网光伏发电项目
8127,青海山一中氚太阳能电力格尔木三期20MWp并网光伏发电项目,青海山一中氚太阳能电力有限公司格尔木三期20MWP并网光伏发电项目
8128,青海山一中氚太阳能电力格尔木二期20MWp并网光伏发电项目,青海山一中氚太阳能电力有限公司格尔木二期20MWP并网光伏发电项目
8142,青海明晶新能源发展投资有限公司共和10MWp并网光伏发电项目,青海明晶新能源发展投资有限公司共和10MWP并网光伏发电项目
8144,青海力腾新能源投资有限公司格尔木三期20MWp并网光伏发电项目,青海力腾新能源投资有限公司格尔木三期20MWP并网光伏发电项目
8148,青海力腾新能源投资格尔木四期20MWp并网光伏电站发电项目,青海力腾新能源投资格尔木四期20MWP并网光伏电站发电项目
8222,青海大唐国际格尔木二期20MWp太阳能并网光伏发电项目,青海力腾新能源投资有限公司格尔木二期20兆瓦并网光伏发电项目
8244,青岛昌盛日电仙桃彭场20MWp设施农业光伏电站,青岛昌盛日电仙桃彭场20MWP设施农业光伏电站
8254,黔西南州晴阳新能源晴隆县紫马8万kW农业光伏电站,黔西南州晴阳新能源晴隆县紫马8万KW农业光伏电站
8280,启东华虹滨海工业园15MWp鱼塘光伏发电项目,启东华虹滨海工业园15MWP鱼塘光伏发电项目
8294,齐星集团随州淅河100MWp地面光伏电站,齐星集团随州淅河100MWP地面光伏电站
8295,齐星集团随县万和100MWp农光互补光伏电站,齐星集团随县万和100MWP农光互补光伏电站
8296,齐星集团随县龙岗（一期）20MWp农光互补光伏电站项目,齐星集团随县龙岗（一期）20MWP农光互补光伏电站项目
8297,齐星集团随县龙岗（二期）30MWp农光互补光伏电站,齐星集团随县龙岗（二期）30MWP农光互补光伏电站
8310,普安县新店一期40MWp光伏电站项目,普安县新店一期40MWP光伏电站项目
8311,普安县新店二期10MWp光伏电站项目,普安县新店二期10MWP光伏电站项目
8313,普安县楼下一期15MWp农业光伏电站,普安县楼下一期15MWP农业光伏电站
8315,普安县楼下二期35Mwp农业光伏电站,普安县新店二期10MWP光伏电站项目
8372,平远利天新能源电力有限公司平远县东石镇一期50MW项目,0
8380,平邑县白彦镇10MWp并网光伏电站项目,平邑县白彦镇10MWP并网光伏电站项目
8430,攀枝花市仁和区太平乡红岩村灰力苏组20MWp综合利用并网光伏发电项目,攀枝花市仁和区太平乡红岩村灰力苏组20MWP综合利用并网光伏发电项目
8431,攀枝花市仁和洁源太平30MWp并网光伏项目,攀枝花市仁和洁源太平30MWP并网光伏项目
8432,攀枝花仁和区大宝鼎烂泥箐30MWp光伏电站项目,攀枝花仁和区大宝鼎烂泥箐30MWP光伏电站项目
8440,宁夏中卫协鑫100MWp光伏并网发电项目,宁夏中卫协鑫100MWP光伏并网发电项目
8451,宁夏中卫（宣和）光伏并网电站国电一期20MWp工程项目,0
8460,宁夏中利腾晖新能源石嘴山惠农100MWp并网光伏发电项目,宁夏中利腾晖新能源石嘴山惠农100MWP并网光伏发电项目
8466,宁夏正泰太阳山光伏并网电站一期10MWp工程项目,宁夏正泰太阳山光伏并网电站一期10MWP工程项目
8476,宁夏银阳50MWp光伏农业发电项目,宁夏银阳50MWP光伏农业发电项目
8477,宁夏银星能源吴忠孙家滩20MWp光伏并网发电项目,0
8478,宁夏意科太阳能发电有限公司高沙窝光伏发电一期10MWp工程项目,宁夏正泰太阳山光伏并网电站一期10MWP工程项目
8480,宁夏意科太阳能发电有限公司高沙窝光伏发电二期10MWp项目,0
8481,宁夏盐池兆亿新能源15MWp光伏电站项目,宁夏盐池兆亿新能源15MWP光伏电站项目
8485,宁夏鑫垦350MWp光伏电站项目一期30MWp项目,宁夏鑫垦350MWP光伏电站项目一期30MWP项目
8499,宁夏天得旭日光伏发电公司石嘴山10MWp光伏电站发电项目,宁夏天得旭日光伏发电公司石嘴山10MWP光伏电站发电项目
8501,宁夏索宝中卫20MWp光伏电站发电项目,宁夏索宝中卫20MWP光伏电站发电项目
8502,宁夏盛阳中卫30MWp光伏电站项目,宁夏盛阳中卫30MWP光伏电站项目
8503,宁夏盛唐太阳能科技有限公司灵武市一期50MWp光伏电站发电项目,宁夏盛唐太阳能科技有限公司灵武市一期50MWP光伏电站发电项目
8509,宁夏青铜峡并网光伏电站中广核一期10MWp工程项目,宁夏青铜峡并网光伏电站中广核一期10MWP工程项目
8511,宁夏平罗光伏并网电站国电二期20MWp工程项目,0
8514,宁夏欧贝黎大武口10MWp光伏电站项目,宁夏欧贝黎大武口10MWP光伏电站项目
8515,宁夏宁东欣润300MWp并网光伏发电项目,宁夏宁东欣润300MWP并网光伏发电项目
8520,宁夏利能中宁光伏产业园30MWp光伏电站发电项目,宁夏利能中宁光伏产业园30MWP光伏电站发电项目
8523,宁夏京能太阳山光伏并网电站一期10MWp工程,宁夏京能太阳山光伏并网电站一期10MWP工程
8525,宁夏京能太阳山180MWp光伏发电项目,宁夏京能太阳山180MWP光伏发电项目
8527,宁夏京能海原（关桥）10MWp光伏发电项目,宁夏京能海原（关桥）10MWP光伏发电项目
8529,宁夏金阳新能源有限公司30MWp太阳能光伏发电,0
8536,宁夏江山新能源15MWp光伏电站项目,宁夏江山新能源15MWP光伏电站项目
8538,宁夏嘉泽红寺堡大河乡20MWp光伏并网发电项目,宁夏嘉泽红寺堡大河乡20MWP光伏并网发电项目
8540,宁夏红寺堡光伏发电一厂50MWp工程,0
8546,宁夏国电大武口光伏并网电站一期10MWp工程项目,国电大武口光伏并网电站一期10MWP工程项目
8548,宁夏发电集团中卫寺口子20MWp光伏并网发电项目,0
8550,宁夏发电集团头营光伏并网电站10MWp工程,0
8551,宁夏发电集团太阳山光伏并网电站三期30MWp工程,宁夏发电集团太阳山光伏并网电站三期30MWP工程
8553,宁夏电力投资集团公司太阳山10MWp光伏并网电站项目,0
8555,宁夏大唐新能源青铜峡有限公司光伏并网电站10MWp工程,宁夏大唐新能源青铜峡有限公司光伏并网电站10MWP工程
8556,宁夏大唐国际青铜峡光伏电站二期20MWp工程项目,0
8557,宁夏大唐国际红寺堡20MWp光伏并网电站工程,宁夏大唐国际红寺堡20MWP光伏并网电站工程
8558,宁夏大唐昂立（灵武）新能源有限公司40MWp工程项目,宁夏大唐昂立（灵武）新能源有限公司40MWP工程项目
8559,宁夏宝丰新能源发展有限公司250MWp光伏发电项目,宁夏宝丰新能源发展有限公司250MWP光伏发电项目
8561,宁夏昂立灵武沙沟20MWp光伏电站项目,宁夏昂立灵武沙沟20MWP光伏电站项目
8562,宁夏昂立灵武白土岗40MWp光伏并网发电项目,宁夏昂立灵武白土岗40MWP光伏并网发电项目
8564,宁夏阿特斯佳阳平罗高仁19万kW光伏电站,宁夏阿特斯佳阳平罗高仁19万KW光伏电站
8580,内蒙古元华农业发展有限公司察右中旗100MWp光伏并网发电项目,内蒙古元华农业发展有限公司察右中旗100MWP光伏并网发电项目
8582,内蒙古兴晟太阳能电力兴安盟科右前旗50MWp结合林业光伏发电项目,内蒙古兴晟太阳能电力兴安盟科右前旗50MWP结合林业光伏发电项目
8587,内蒙古香岛生态农业开发土左旗兵州亥130MWp光伏发电项目,内蒙古香岛生态农业开发土左旗兵州亥130MWP光伏发电项目
8591,内蒙古通辽市扎鲁特旗阿日昆都楞风电场50MWp光伏发电项目,内蒙古通辽市扎鲁特旗阿日昆都楞风电场50MWP光伏发电项目
8592,内蒙古太华农业发展有限公司五原县50MWp光伏新镇示范项目.,内蒙古太华农业发展有限公司五原县50MWP光伏新镇示范项目.
8600,内蒙古神舟光伏电力巴彦淖尔市包尔盖农场20MWp光伏发电项目,内蒙古神舟光伏电力巴彦淖尔市包尔盖农场20MWP光伏发电项目
8602,内蒙古三信新能源有限公司集宁50MWp太阳能电站项目,内蒙古三信新能源有限公司集宁50MWP太阳能电站项目
8605,内蒙古庆华集团额济纳50MWp光伏发电项目,内蒙古庆华集团额济纳50MWP光伏发电项目
8610,内蒙古能源发电公主岭风电有限公司风光同场20MWp光伏发电项目工程（一期10MWp）,内蒙古能源发电公主岭风电有限公司风光同场20MWP光伏发电项目工程（二期10MWP）
8612,内蒙古明华能源集团有限公司土右旗20MWp屋顶太阳能发电站项目,内蒙古明华能源集团有限公司土右旗20MWP屋顶太阳能发电站项目
8613,内蒙古蒙能巴音杭盖光伏发电有限公司巴彦淖尔市乌拉特中旗20MWp光伏并网发电特许权项目,内蒙古蒙能巴音杭盖光伏发电有限公司巴彦淖尔市乌拉特中旗20MWP光伏并网发电特许权项目
8616,内蒙古利硕光伏发电有限公司30MWp并网光伏发电项目,内蒙古利硕光伏发电有限公司30MWP并网光伏发电项目
8618,内蒙古京能陆阳光伏发电有限公司达茂巴音风电场风光一体化20MWp光伏发电项目,内蒙古京能陆阳光伏发电有限公司达茂巴音风电场风光一体化20MWP光伏发电项目
8619,内蒙古金曦能源有限公司苏尼特右旗30MWp光伏发电项目,内蒙古金曦能源有限公司苏尼特右旗30MWP光伏发电项目
8620,内蒙古金鼎光伏股份有限公司乌拉特前旗小佘太镇沉陷区综合治理20MWp光伏发电项目,内蒙古金鼎光伏股份有限公司乌拉特前旗小佘太镇沉陷区综合治理20MWP光伏发电项目
8621,内蒙古建力兆盛能源有限公司乌拉特中旗40MWp光伏发电项目,内蒙古建力兆盛能源有限公司乌拉特中旗40MWP光伏发电项目
8622,内蒙古霍林河露天煤业股份有限公司通辽发电总厂贮灰场生态环境综合治理150MWp光伏发电项目,通辽发电总厂贮灰场生态环境综合治理150MWP光伏项目
8632,内蒙古华电固阳县红泥井风电场风光一体化10MW光伏发电项目,内蒙古华电红泥井风力发电有限公司固阳县红泥井风电场风光一体化10MW光伏发电项目
8633,内蒙古华电二连浩特新能源有限公司48MWp光伏发电项目,内蒙古华电二连浩特新能源有限公司48MWP光伏发电项目
8639,内蒙古华春农业发展有限公司100MWp光伏并网发电项目,内蒙古华春农业发展有限公司100MWP光伏并网发电项目
8642,内蒙古哈伦能源有限责任公司阿拉善盟巴彦浩特50MWp光伏发电项目,内蒙古哈伦能源有限责任公司阿拉善盟巴彦浩特50MWP光伏发电项目
8644,内蒙古国电新能源二连浩特风场风光同场20MWp光伏发电项目,内蒙古国电新能源有限公司二连浩特风场风光同场20MWP光伏发电项目
8645,内蒙古风水梁产业园区60MWp结合舍饲养殖光伏发电项目,内蒙古风水梁产业园区60MWP结合舍饲养殖光伏发电项目
8648,内蒙古大有光能源有限公司30MWp光伏大型并网发电项目,内蒙古大有光能源有限公司30MWP光伏大型并网发电项目
8650,内蒙古大唐国际卓资县九十九泉风光同场20MWp太阳能光伏发电项目,内蒙古大唐国际卓资县九十九泉风光同场20MWP太阳能光伏发电项目
8652,内蒙古大唐国际卓资县巴音二期风光同场35MWp光伏发电项目,内蒙古大唐国际卓资县巴音二期风光同场35MWP光伏发电项目
8654,内蒙古大唐国际卓资县巴音(一期)10MWp太阳能光伏发电项目,内蒙古大唐国际卓资县巴音(一期)10MWP太阳能光伏发电项目
8655,内蒙古大唐国际风电开发有限公司锡林浩特胜利20MWp光伏发电项目,内蒙古大唐国际风电开发有限公司锡林浩特胜利20MWP光伏发电项目
8656,内蒙古大唐国际察右后旗红牧一期20MWp太阳能光伏发电项目,内蒙古大唐国际察右后旗红牧一期20MWP太阳能光伏发电项目
8657,内蒙古大唐国际察右后旗红牧二期风光同场30MWp光伏发电项目,内蒙古大唐国际察右后旗红牧二期风光同场30MWP光伏发电项目
8658,内蒙古昌华农业发展有限公司20MWp光伏并网发电项目,内蒙古昌华农业发展有限公司20MWP光伏并网发电项目
8659,内蒙古北方龙源风电锡林浩特20MWp风光同场光伏发电项目,内蒙古北方龙源风电有限责任公司锡林浩特20MWP风光同场光伏发电项目
8660,内蒙古傲都能源达茂旗50MWp（二期10MW）太阳能光伏发电生态旅游畜牧业暨教育示范基地项目,内蒙古傲都能源达茂旗50MWP（二期10MW）太阳能光伏发电生态旅游畜牧业暨教育示范基地项目
8688,奈曼旗汇特光伏发电有限责任公司一期30MWp光伏发电项目,奈曼旗汇特光伏发电有限责任公司一期30MWP光伏发电项目
8694,明致汉沽杨家泊镇90MWp渔光互补光伏发电项目,明致汉沽杨家泊镇90MWP渔光互补光伏发电项目
8718,蒙东协合扎鲁特旗阿日昆都楞风电场20MWp光伏并网发电项目,蒙东协合扎鲁特旗阿日昆都楞风电场20MWP光伏并网发电项目
8721,梅县区丙村镇30MWp光伏农业与光伏观光旅游综合应用项目,0
8738,陆丰市明大星都经济开发区110MW光伏电站项目,0
8749,隆基硅同心10MWp光伏电站项目,隆基硅同心10MWP光伏电站项目
8758,龙州县120MWp光伏项目（一期40MWp）,龙州县120MWP光伏项目（一期40MWP）
8759,龙州县120MWp光伏项目（二期30MWp）,龙州县120MWP光伏项目（二期30MWP）
8761,龙州百熠+崇左市龙州县+龙州县120MWp光伏项目（二期30MWp）+光伏电站,龙州百熠+崇左市龙州县+龙州县120MWP光伏项目（二期30MWP）+光伏电站
8771,龙游县湖镇镇客路村30MWp农光互补光伏发电项目,龙游县湖镇镇客路村30MWP农光互补光伏发电项目
8775,六盘水市汪家寨100MWp光伏电站,六盘水市汪家寨100MWP光伏电站
8776,六盘水行阳新能源六枝特区老虎大坪10万kW农业光伏电站,六盘水行阳新能源六枝特区老虎大坪10万KW农业光伏电站
8802,林西县南工业园区40MWp太阳能光伏发电项目,林西县南工业园区40MWP太阳能光伏发电项目
8814,廉江市营仔镇渔光互补光伏发电站综合开发项目,0
8824,力诺科技园10MWp太阳能光伏并网电站项目,0
8828,雷州亚玛顿雷州盐场马留工区50MW盐光互补光伏电站项目,0
8829,雷州市企水镇20MW渔光互补发电项目,0
8831,乐平矿务局沿沟矿区无家山15MWp光伏电站,乐平矿务局沿沟矿区无家山15MWP光伏电站
8840,兰溪市梅江镇汪宅20MWp农光互补光伏发电项目,兰溪市梅江镇汪宅20MWP农光互补光伏发电项目
8842,兰溪绿能太阳能科技有限公司20MWp农光互补光伏电站（三期）,兰溪绿能太阳能科技有限公司20MWP农光互补光伏电站（三期）
8843,兰溪绿能太阳能科技有限公司20MWp农光互补发电项目（一期）,兰溪绿能太阳能科技有限公司20MWP农光互补发电项目（一期）
8844,兰溪绿能太阳能科技有限公司20MWp农光互补发电项目（二期）,兰溪绿能太阳能科技有限公司20MWP农光互补发电项目（二期）
8845,兰考县200MWp农光互补光伏电站项目,兰考县200MWP农光互补光伏电站项目
8861,来宾市象州县150MWp（一期60MWp）光伏并网发电项目,来宾市象州县150MWP（一期60MWP）光伏并网发电项目
8867,坤泰新能源朝阳县梁家店10MWp光伏发电项目,坤泰新能源朝阳县梁家店10MWP光伏发电项目
8871,旷达国信保山市施甸县大坡山30MWp并网光伏发电工程项目,旷达国信保山市施甸县大坡山30WMP并网光伏发电工程项目
8873,宽城县苇子沟乡20MWp并网光伏发电项目,宽城县苇子沟乡20MWP并网光伏发电项目
8874,宽城东大地乡18MWp发电项目,宽城东大地乡18MWP发电项目
8878,库布其沙漠1000MWp光伏复合生态发电项目,库布其沙漠1000MWP光伏复合生态发电项目
8882,垦利永安启泰一期30MWp渔光互补智能光伏电站项目,垦利永安启泰一期30MWP渔光互补智能光伏电站项目
8890,克拉玛依天华新能源新建100MWp光伏发电一期30MWp项目,克拉玛依天华新能源新建100MWP光伏发电一期30MWP项目
8893,科左中旗北新艾勒50MWp光伏并网发电项目,科左中旗北新艾勒50MWP光伏项目
8900,柯城区航埠华墅20MWp农光互补光伏发电项目,柯城区航埠华墅20MWP农光互补光伏发电项目
8901,柯城区航埠30MWp农光互补光伏电站项目,柯城区航埠30MWP农光互补光伏电站项目
8904,凯升木垒光伏园区100MWp光伏发电项目,凯升木垒光伏园区100MWP光伏发电项目
8913,开发公司阳江市阳西县广东粤电织篢农场（二期）光伏复合项目5万kW光伏电站,开发公司阳江市阳西县广东粤电织篢农场（二期）光伏复合项目5万KW光伏电站
8918,浚鑫科技疏附县并网光伏电站20MWp项目,浚鑫科技疏附县并网光伏电站20MWP项目
8924,莒县华亨能源科技有限公司30MWp农业产业园并网发电项目,莒县华亨能源科技有限公司30MWP农业产业园并网发电项目
8949,景世乾双王城（120MWp）光伏电站项目,景世乾双王城（120MWP）光伏电站项目
8957,晶芯沙雅二期20MWp并网光伏发电站项目,晶芯沙雅二期20MWP并网光伏发电站项目
8959,晶科电力徐闻龙塘40MW渔光互补项目,0
8967,晶科电力20MWp农光互补光伏发电项目,晶科电力20MWP农光互补光伏发电项目
8968,晶恒新能源木垒光伏园区100MWp光伏发电项目,晶恒新能源木垒光伏园区100MWP光伏发电项目
8973,京能中卫光伏产业园二期10MWp光伏电站发电项目,京能中卫光伏产业园二期10MWP光伏电站发电项目
8977,京能宁夏中卫光伏产业园20MWp光伏电站项目,京能宁夏中卫光伏产业园20MWP光伏电站项目
8978,京能宁东（灵武新立）10MWp光伏并网发电项目,京能宁东（灵武新立）10MWP光伏并网发电项目
8987,晋能天镇7万kW光伏电站,晋能天镇7万KW光伏电站
8988,晋能山阴8万kW光伏电站,晋能山阴8万KW光伏电站
9005,津源信德西青辛口镇一期18MWp渔光互补光伏发电项目,津源信德西青辛口镇一期18MWP渔光互补光伏发电项目
9006,津源信德西青辛口镇二期12MWp渔光互补光伏发电项目,津源信德西青辛口镇二期12MWP渔光互补光伏发电项目
9009,金寨县白塔畈信义100MWp光伏并网电站项目,金寨县白塔畈信义100MWP光伏并网电站项目
9021,金色能源翁牛特旗45MWp光伏发电项目,金色能源翁牛特旗45MWP光伏发电项目
9022,金普惠义龙新区50MWp农业光伏电站,金普惠义龙新区50MWP农业光伏电站
9029,金湖县吕良镇8MWp地面（鱼塘水面）光伏电站项目,金湖县吕良镇8MWP地面（鱼塘水面）光伏电站项目
9033,金伏能孝昌王店（一期）30MWp农光互补光伏电站,金伏能孝昌王店（一期）30MWP农光互补光伏电站
9034,金伏麻城中馆驿（一期）50MWp光伏电站,金伏麻城中馆驿（一期）50MWP光伏电站
9035,金伏麻城中馆驿（二期）60MWp地面光伏电站,金伏麻城中馆驿（二期）60MWP地面光伏电站
9057,金灿武穴龙坪（一期）60MWp农光互补光伏电站,金灿武穴龙坪（一期）60MWP农光互补光伏电站
9059,江州区50MWp农光互补项目一期,江州区50MWP农光互补项目一期
9076,江苏金太阳20mwp托克逊并网发电项目,江苏金太阳20MWP托克逊并网发电项目
9083,江苏华电如东洋口港20MWp光伏发电项目,江苏华电如东洋口港20MWP光伏发电项目
9084,江苏恒兆新能源有限公司20mw地面集中式光伏电站,江苏恒兆新能源有限公司20MW地面集中式光伏电站
9088,江苏国信泗阳太阳能9.8mw光伏电站项目,0
9092,江山正泰200MWp太阳能林农光互补地面电站,江山正泰200MWP太阳能林农光互补地面电站
9094,江门广发公司江门市台山市江门广发渔业光伏有限公司台山渔业光伏产业园二期100MW项目（第二部分1.3万kW）光伏电站,江门广发公司江门市台山市江门广发渔业光伏有限公司台山渔业光伏产业园二期100MW项目（第二部分1.3万KW）光伏电站
9200,吉木乃海锦新能源20mw并网光伏发电项目,吉木乃海锦新能源20MW并网光伏发电项目
9225,霍林郭勒振发光伏科技有限公司30MWp光伏电站项目,霍林郭勒振发光伏科技有限公司30MWP光伏项目
9250,惠州市现代农业示范区一期20MW渔光互补光伏电站项目,0
9251,惠州市博罗县杨侨镇100MW农业光伏电站,0
9268,黄源黄石铁山50MWp光伏电站发电项目,黄源黄石铁山50MWP光伏电站发电项目
9289,淮南采煤塌陷区20MWp渔光互补光伏电站项目,淮南采煤塌陷区20MWP渔光互补光伏电站项目
9298,淮安黄码天合太阳能发电有限公司淮安黄码天合6MWp光伏设施农业发电项目,0
9315,华润中卫市海原县范台村6万kW光伏电站,华润中卫市海原县范台村6万KW光伏电站
9320,华润清远英德沙口光伏电站项目,0
9322,华润电力江孜20MWp光伏发电项目,华润电力江孜20MWP光伏发电项目
9344,华能扎赉特旗宝力根花30MWp太阳能光伏发电项目,华能扎赉特旗宝力根花30MWP太阳能光伏发电项目
9359,华能新能源股份有限公司正蓝旗30MWp光伏发电项目,华能新能源股份有限公司正蓝旗30MWP光伏发电项目
9363,华能新能源股份有限公司四子王旗20MWp光伏发电项目,华能新能源股份有限公司四子王旗20MWP光伏发电项目
9371,华能武川县光伏发电有限公司武川县10MWp光伏发电项目,华能武川县光伏发电有限公司武川县10MWP光伏发电项目
9372,华能武川李汉梁20MWp太阳能光伏发电项目,华能武川李汉梁20MWP太阳能光伏发电项目
9403,华能宁夏中卫沙坡头二期10MWp光伏电站项目,华能宁夏中卫沙坡头二期10MWP光伏电站项目
9404,华能宁夏中卫沙坡头10MWp光伏电站项目,华能宁夏中卫沙坡头10MWP光伏电站发电项目
9408,华能宁夏中卫沙坡头10MWp光伏电站发电项目,华能宁夏中卫沙坡头10MWP光伏电站发电项目
9409,华能宁夏青铜峡30MWp光伏并网发电特许权发电项目,华能宁夏青铜峡30MWP光伏并网发电特许权发电项目
9419,华能济宁热电厂20mw太阳能光伏电站工程,华能济宁热电厂20MW太阳能光伏电站工程
9448,华能包头风力发电有限公司达茂旗茂明风电场风光一体化20MWp太阳能光伏发电项目,华能包头风力发电有限公司达茂旗茂明风电场风光一体化20MWP太阳能光伏发电项目
9450,华能包头风力发电有限公司达茂旗巴音风电场风光一体化30MWp光伏发电项目,华能包头风力发电有限公司达茂旗巴音风电场风光一体化30MWP光伏发电项目
9453,"华东院洲泉一期20MWp""渔光互补""光伏发电示范项目",华东院洲泉一期20MWP渔光互补光伏发电示范项目
9455,华东院天长150MWp渔光互补光伏发电项目,华东院天长150MWP渔光互补光伏发电项目
9456,华东院天台县25MWp渔光互补光伏发电项目,华东院天台县25MWP渔光互补光伏发电项目
9458,华电枣阳太平100MWp地面光伏电站项目,华电枣阳太平100MWP地面光伏电站项目
9467,华电乌兰察布市察右前旗玫瑰营风光同场10MWp光伏发电项目,华电乌兰察布市察右前旗玫瑰营风光同场10MWP光伏发电项目
9472,华电尚德东台太阳能发电有限公司20MWp太阳能地面电站项目,华电尚德东台太阳能发电有限公司20MWP太阳能地面电站项目
9475,华电宁东三期7万kW光伏发电项目,华电宁东三期7万KW光伏发电项目
9476,华电宁东10MWp光伏电站,华电宁东10MWP光伏电站
9514,湖州南浔万投太阳能电力有限公司50MWp农业光伏一体化发电项目,湖州南浔万投太阳能电力有限公司50MWP农业光伏一体化发电项目
9522,湖南兴业威宁县龙场15万kW农业光伏电站,湖南兴业威宁县龙场15万KW农业光伏电站
9525,湖南兴业赫章县哲庄5万kW农业光伏电站,湖南兴业赫章县哲庄5万KW农业光伏电站
9528,湖南华容东山镇20MWp农光互补光伏发电项目,湖南华容东山镇20MWP农光互补光伏发电项目
9535,湖北悟新新能源大悟夏店30MWp农光互补光伏发电站项目,湖北悟新新能源大悟夏店30MWP农光互补光伏发电站项目
9541,湖北昇辉绿能麻城夫子河20MWp设施农业光伏电站,湖北昇辉绿能麻城夫子河20MWP设施农业光伏电站
9546,湖北能源随州市随县江头店5万kW光伏电站,湖北能源随州市随县江头店5万KW光伏电站
9547,湖北能源随州市随县大洪山2万kW光伏电站,湖北能源随州市随县大洪山2万KW光伏电站
9551,湖北能源老河口市老河口二期5万kW光伏电站,湖北能源老河口市老河口二期5万KW光伏电站
9557,湖北能源集团随州市广水吴店四期4万kW光伏电站,湖北能源集团随州市广水吴店四期4万KW光伏电站
9562,湖北能源集团随州市广水吴店三期3万kW光伏电站,湖北能源集团随州市广水吴店三期3万KW光伏电站
9565,湖北能源集团麻城阎家河100MWp地面光伏电站项目,湖北能源集团麻城阎家河100MWP地面光伏电站项目
9567,湖北能源集团老河口洪山嘴60MWp地面光伏电站项目,湖北能源集团老河口洪山嘴60MWP地面光伏电站项目
9569,湖北能源集团广水吴店10MWp光伏发电项目,湖北能源集团广水吴店10MWP光伏发电项目
9570,湖北能源集团广水吴店（二期）30MWp光伏发电项目,湖北能源集团广水吴店（二期）30MWP光伏发电项目
9573,湖北华电武穴石佛寺一期40MWp渔光互补光伏发电项目,湖北华电武穴石佛寺一期40MWP渔光互补光伏发电项目
9574,湖北华电随县殷店150MWp光伏发电项目,湖北华电随县殷店150MWP光伏发电项目
9583,呼和浩特市土左旗兵州亥130MWp太阳能建筑一体化BIPV项目,呼和浩特市土左旗兵州亥光伏设施农业园区130MWP太阳能建筑一体化BIPV项目
9593,呼和浩特市和林县60MWp设施农业光伏发电项目,呼和浩特市和林县60MWP设施农业光伏发电项目
9605,呼和浩特环聚新能源开发有限公司武川县300MWp光伏电站一期工程100MWp光伏发电项目,呼和浩特环聚新能源开发有限公司武川县300MWP光伏电站一期工程100MWP光伏发电项目
9606,鸿海潍坊寿光鸿海35兆瓦（二期）2.5万kW光伏电站,鸿海潍坊寿光鸿海35兆瓦（二期）2.5万KW光伏电站
9611,宏大中源太阳能股份有限公司鄂尔多斯市杭锦旗30MWp光伏发电项目,宏大中源太阳能股份有限公司鄂尔多斯市杭锦旗30MWP光伏发电项目
9619,红安县晶科电力红安二程（一期）50MWp农光互补光伏电站,红安县晶科电力红安二程（一期）50MWP农光互补光伏电站
9640,恒基伟业中卫20MWp光伏电站项目,恒基伟业中卫20MWP光伏电站项目
9649,恒动木垒光伏园区100MWp光伏发电项目,恒动木垒光伏园区100MWP光伏发电项目
9651,黑龙江省肇源县华光10MWp光伏电站项目,黑龙江省肇源县华光10MWP光伏电站项目
9652,黑龙江省泰来汤池9.9MWp光伏发电项目,黑龙江省泰来汤池9.9MWP光伏发电项目
9653,黑龙江省富裕友谊一期10MWp光伏发电项目,黑龙江省富裕友谊一期10MWP光伏发电项目
9654,黑龙江省富裕友谊二期10MWp光伏发电项目,黑龙江省富裕友谊二期10MWP光伏发电项目
9655,黑龙江省大庆市肇州县肇州精锐60MWp光伏发电项目,黑龙江省大庆市肇州县肇州精锐60MWP光伏发电项目
9657,黑龙江省大庆市红岗区20MWp地面光伏电站项目,黑龙江省大庆市红岗区20MWP地面光伏电站项目
9662,赫章精工赫章县文渊二期2万kW光伏电站,赫章精工赫章县文渊二期2万KW光伏电站
9667,"河山镇东浜头村10MWP""渔光互补""光伏电站项目",河山镇东浜头村10MWP渔光互补光伏电站项目
9674,河北苏龙光伏发电有限公司张北曹家营一期20MWp光伏发电项目,河北苏龙光伏发电有限公司张北曹家营一期20MWP光伏发电项目
9684,和林县60MWp设施农业光伏发电项目,和林县60MWP设施农业光伏发电项目
9702,和布克赛尔蒙古自治县华光和丰100MWp光伏发电项目,和布克赛尔蒙古自治县华光和丰100MWP光伏发电项目
9712,合大-威坪20MWp农光互补光伏发电项目,合大-威坪20MWP农光互补光伏发电项目
9717,浩德武鸣区宁武镇50MWp农业光伏电站,浩德武鸣区宁武镇50MWP农业光伏电站
9718,昊能中卫光伏产业园区20MWp光伏电站项目,昊能中卫光伏产业园区20MWP光伏电站项目
9724,杭锦旗巴拉贡50MWp光伏发电项目,杭锦旗巴拉贡50MWP光伏发电项目
9729,汉能太阳山光伏并网电站一期20mwp工程,0
9746,海润光伏科技乌兰察布市兴和50MWp结合生态畜牧业光伏发电项目,海润光伏科技乌兰察布市兴和50MWP结合生态畜牧业光伏发电项目
9747,海润电力吐鲁番一期20MWp光伏电站项目,海润电力吐鲁番一期20MWP光伏电站项目
9749,海宁尖山100MWp地面光伏电站一期50MWp项目,海宁尖山100MWP地面光伏电站一期50MWP项目
9864,哈密耀辉光伏电力有限公司柳树泉农场二期30MWp并网光伏电站项目,哈密耀辉光伏电力有限公司柳树泉农场二期30MWP并网光伏电站项目
9866,哈密宣力光伏科技开发有限公司十三师红星二场50MWp光伏并网发电项目,哈密宣力光伏科技开发有限公司十三师红星二场50MWP光伏并网发电项目
9868,哈密新风光十三师红星二场50MWp光伏发电项目,哈密新风光十三师红星二场50MWP光伏发电项目
9888,哈密汇聚成十三师红星四场一期30MWp并网光伏发电项目,哈密汇聚成十三师红星四场一期30MWP并网光伏发电项目
9892,哈密宏鑫佳源十三师柳树泉农场一期20MWp并网光伏发电项目,哈密宏鑫佳源十三师柳树泉农场一期20MWP并网光伏发电项目
9920,国信阳光保山市施甸县木瓜山30MWp光伏电站发电项目,国信阳光保山市施甸县木瓜山30MWP光伏电站发电项目
9921,国投华靖石嘴山10MWp光伏发电项目,国投华靖石嘴山10MWP光伏发电项目
9938,国开新能源安达昌德20MWp地面光伏发电B项目,国开新能源安达昌德20MWP地面光伏发电B项目
9939,国开新能源安达昌德20MWp地面光伏发电A项目,国开新能源安达昌德20MWP地面光伏发电A项目
9959,国家电投泰来好新20MWp光伏发电项目,国家电投泰来好新20MWP光伏发电项目
9961,国家电投沙洋官垱50MWp农光互补光伏电站,国家电投沙洋官垱50MWP农光互补光伏电站
10010,国家电投淮南窑河渔场200MWp“渔光互补”光伏发电项目,国家电投淮南窑河渔场200MWP“渔光互补”光伏发电项目
10015,国华苏尼特右旗50MWp光伏发电项目,国华苏尼特右旗50MWP光伏发电项目
10020,国华东台风光互补电站20MWp光伏发电项目,0
10022,国华巴彦淖尔乌拉特中旗20MWp光伏发电项目,国华巴彦淖尔乌拉特中旗20MWP光伏发电项目
10023,国华巴彦淖尔市乌拉特中旗风光同场10MWp光伏发电项目,国华巴彦淖尔市乌拉特中旗风光同场10MWP光伏发电项目
10024,国华巴彦淖尔风力乌海市经济开发区低碳产业园20MWp光伏发电项目,国华巴彦淖尔风力有限公司乌海市经济开发区低碳产业园20MWP光伏发电项目
10025,国华巴彦淖尔磴口县20MWp设施农业光伏发电项目,国华巴彦淖尔磴口县20MWP设施农业光伏发电项目
10027,国华（开鲁）风电有限公司30MWp光伏太阳能发电项目二期,国华（开鲁）风电有限公司30MWP光伏太阳能发电项目二期
10028,国华（开鲁）风电风电有限公司30MWp光伏太阳能发电项目,国华（开鲁）风电风电有限公司30MWP光伏太阳能发电项目
10048,国电内蒙古能源有限公司赤峰市元宝山区建昌营20MWp光伏发电项目,国电内蒙古能源有限公司赤峰市元宝山区建昌营20MWP光伏发电项目
10049,国电内蒙古电力有限公司科左后旗乌兰楚鲁40MWp光伏电站项目,国电内蒙古电力有限公司科左后旗乌兰楚鲁40MWP光伏电站项目
10054,国电蒙电新能源投资乌拉特后旗呼和温都尔40MWp光伏并网发电项目,国电蒙电新能源投资有限公司乌拉特后旗呼和温都尔40MWP光伏并网发电项目
10055,国电蒙电新能源投资阿拉善左旗巴彦浩特20MWp光伏电站工程项目,国电蒙电新能源投资有限公司阿拉善左旗巴彦浩特20MWP光伏电站工程项目
10058,国电蒙电新能源阿拉善盟阿左旗巴彦浩特二期20MWp光伏发电项目,国电蒙电新能源投资有限公司阿拉善盟阿左旗巴彦浩特二期20MWP光伏发电项目
10059,国电蒙电乌兰察布市商都县二期50MWp光伏发电项目,国电蒙电乌兰察布市商都县二期50MWP光伏发电项目
10060,国电蒙电四子王旗二期60MWp光伏发电项目,国电蒙电四子王旗二期60MWP光伏发电项目
10063,国电蒙电巴彦淖尔市乌拉特前旗50MWp光伏发电项目,国电蒙电巴彦淖尔市乌拉特前旗50MWP光伏发电项目
10069,国电科左后旗20MWp光伏并网发电项目,国电科左后旗20MWP光伏并网发电项目
10070,国电科环松山区大于营风光同场20MWp太阳能光伏发电项目,国电科环松山区大于营风光同场20MWP太阳能光伏发电项目
10073,国电巨野10MWp光伏电站发电项目,国电巨野10MWP光伏电站发电项目
10076,国电集团宁夏平罗10MWp光伏发电项目,0
10077,国电华北乌拉特后旗40MWp光伏农业一体化发电项目,国电华北乌拉特后旗40MWP光伏农业一体化发电项目
10078,国电华北电力有限公司固阳县怀朔10MWp光伏电站项目,国电华北电力有限公司固阳县怀朔10MWP光伏电站项目
10093,国电电力中卫光伏并网电站10MWp工程项目,0
10100,国电电力新疆哈密十三师红星四场光伏发电一期50MWp项目,国电电力新疆哈密十三师红星四场光伏发电一期50MWP项目
10105,国电电力锡林郭勒盟正镶白旗20MWp光伏电站发电项目,国电电力内蒙古新能源开发有限公司正镶白旗20MWP太阳能光伏发电项目
10112,国电电力内蒙古新能源锡林郭勒正蓝旗50MWp光伏发电项目,国电电力内蒙古新能源锡林郭勒正蓝旗50MWP光伏发电项目
10113,国电电力内蒙古新能源开发有限公司土右旗20MWp太阳能光伏发电项目,国电电力内蒙古新能源开发有限公司土右旗20MWP太阳能光伏发电项目
10114,国电电力内蒙古新能源开发阿左旗巴润别立40MWp光伏发电项目,国电电力内蒙古新能源开发阿左旗巴润别立40MWP光伏发电项目
10168,贵州院黔西南自治州贞丰县长田下布克二期3万kW农业光伏电站项目,贵州院黔西南自治州贞丰县长田下布克二期3万KW农业光伏电站项目
10169,贵州院黔西南自治州贞丰县挽澜窑上5万kW农业光伏电站项目,贵州院黔西南自治州贞丰县挽澜窑上5万KW农业光伏电站项目
10171,贵州院黔西南自治州普安县新店小坪地10万kW农业光伏电站项目,贵州院黔西南自治州普安县新店小坪地10万KW农业光伏电站项目
10180,贵州盘县鹅毛寨200MWp一期50MWp农业光伏电站项目,贵州盘县鹅毛寨200MWP一期50MWP农业光伏电站项目
10185,贵州金元威宁能源公司威宁县迤那水塘5万kW农业光伏电站,贵州金元威宁能源公司威宁县迤那水塘5万KW农业光伏电站
10186,贵州金元威宁能源公司威宁县迤那双营5万kW光伏电站,贵州金元威宁能源公司威宁县迤那双营5万KW光伏电站
10187,贵州金元威宁能源公司威宁县仙水窝10万kW农业光伏电站,贵州金元威宁能源公司威宁县仙水窝10万KW农业光伏电站
10188,贵州金元威宁能源公司威宁县石门簸箕寨4万kW农业光伏电站,贵州金元威宁能源公司威宁县石门簸箕寨4万KW农业光伏电站
10189,贵州金元威宁能源公司威宁县么站新旧房4万kW农业光伏电站,贵州金元威宁能源公司威宁县么站新旧房4万KW农业光伏电站
10190,贵州金元威宁能源公司威宁县么站五嘎8万kW农业光伏电站,贵州金元威宁能源公司威宁县么站五嘎8万KW农业光伏电站
10192,贵州金元威宁能源公司威宁县么站二期6万kW农业光伏电站,贵州金元威宁能源公司威宁县么站二期6万KW农业光伏电站
10193,贵州金元威宁能源公司威宁县麻乍松木坎8万kW农业光伏电站,贵州金元威宁能源公司威宁县麻乍松木坎8万KW农业光伏电站
10194,贵州金元威宁能源公司威宁县麻乍箐口营6万kW农业光伏电站,贵州金元威宁能源公司威宁县麻乍箐口营6万KW农业光伏电站
10195,贵州金元威宁能源公司威宁县麻乍乐利6万kW农业光伏电站,贵州金元威宁能源公司威宁县麻乍乐利6万KW农业光伏电站
10196,贵州金元威宁能源公司威宁县金斗大坪子3万kW农业光伏电站,贵州金元威宁能源公司威宁县金斗大坪子3万KW农业光伏电站
10197,贵州金元威宁能源公司威宁县黑土河小石板6万kW农业光伏电站,贵州金元威宁能源公司威宁县黑土河小石板6万KW农业光伏电站
10198,贵州金元威宁能源公司威宁县黑土河发地口子4万kW农业光伏电站,贵州金元威宁能源公司威宁县黑土河发地口子4万KW农业光伏电站
10199,贵州金元威宁能源公司威宁县黑土河半坡5万kW农业光伏电站,贵州金元威宁能源公司威宁县黑土河半坡5万KW农业光伏电站
10200,贵州金元威宁能源公司威宁县二塘梅花山5万kW农业光伏电站,贵州金元威宁能源公司威宁县二塘梅花山5万KW农业光伏电站
10201,贵州金元威宁能源公司威宁县斗古瓦厂12万kW农业光伏电站,贵州金元威宁能源公司威宁县斗古瓦厂12万KW农业光伏电站
10202,贵州金元黔西南公司兴义市牛头坡5万kW农业光伏电站,贵州金元黔西南公司兴义市牛头坡5万KW农业光伏电站
10203,贵州金元黔西南公司兴义市白碗窑4万kW农业光伏电站,贵州金元黔西南公司兴义市白碗窑4万KW农业光伏电站
10204,贵州华电威宁县黑土河3万kW光伏电站,贵州华电威宁县黑土河3万KW光伏电站
10205,贵州华电威宁县斗古七舍梁子4万kW光伏电站,贵州华电威宁县斗古七舍梁子4万KW光伏电站
10206,贵州华电赫章县刺竹2.5万kW光伏电站,贵州华电赫章县刺竹2.5万KW光伏电站
10213,贵港覃塘区金沙60MWp农光互补光伏发电项目第一期（20MWp）,贵港覃塘区金沙60MWP农光互补光伏发电项目第一期（20MWP）
10216,广州发展台山渔业光伏产业园一期50MW项目,0
10217,广州发展连平大湖农业光伏项目,0
10219,广西玉林市陆川县35MWp光伏并网发电项目,广西玉林市陆川县35MWP光伏并网发电项目
10221,广西农垦国有珠光农场20MWp农业光伏大棚项目,广西农垦国有珠光农场20MWP农业光伏大棚项目
10222,广西防城港市港口区光坡镇80mwp渔光互补光伏发电项目,广西防城港市港口区光坡镇80MWP渔光互补光伏发电项目
10227,广发新能源公司清远市阳山县广州发展阳山太平50MW农业光伏项目5万kW光伏电站,广发新能源公司清远市阳山县广州发展阳山太平50MW农业光伏项目5万KW光伏电站
10228,广发新能源公司清远市连州市广州发展连州星子200MW农业光伏项目20万kW光伏电站,广发新能源公司清远市连州市广州发展连州星子200MW农业光伏项目20万KW光伏电站
10236,广东粤电丰收公司农业光伏综合开发项目,0
10237,广东粤电东方红农场农业光伏综合开发项目,0
10239,广东徐闻角尾60MWp光伏电站项目,广东徐闻角尾60MWP光伏电站项目
10247,广东河源光伏并网发电综合农业应用金太阳示范项目,0
10248,广昌县头陂镇19MWp林光互补光伏电站项目,广昌县头陂镇19MWP林光互补光伏电站项目
10255,灌南百禄飞展三期24.5MWp光伏发电项目,灌南百禄飞展三期24.5MWP光伏发电项目
10256,冠县凯尔盛新能源有限公司范寨乡28MWp农光互补项目（14MWp商业指标和4MWp已申报待下发指标）,冠县凯尔盛新能源有限公司范寨乡28MWP农光互补项目（14MWP商业指标和4MWP已申报待下发指标）
10260,关岭县新铺二期30MWp光伏电站项目,关岭县新铺二期30MWP光伏电站项目
10267,固阳兴顺西光伏电场20MWp风光同场太阳能光伏发电项目,固阳兴顺西光伏电场20MWP风光同场太阳能光伏发电项目
10269,固阳县50MWp地面光伏发电项目,固阳县50MWP地面光伏发电项目
10270,谷官屯村30MWp农光互补项目,谷官屯村30MWP农光互补项目
10296,巩义兴元新能源科技有限公司40MWp光伏发电,巩义兴元新能源科技有限公司40MWP光伏发电
10319,格尔木赛维新能源电力格尔木东出口10MWp并网光伏电站项目,0
10338,高邮协鑫光伏电力有限公司30MWp渔光互补发电项目,高邮协鑫光伏电力有限公司30MWP渔光互补发电项目
10341,高唐县20MWp农光互补项目,高唐县20MWP农光互补项目
10366,甘孜州乡城县正斗乡光伏电站二期50MWp项目,甘孜州乡城县正斗乡光伏电站二期50MWP项目
10367,甘孜州甘孜县火古龙村50MWp光伏电站项目,甘孜州甘孜县火古龙村50MWP光伏电站项目
10379,甘肃镇原20MWp光伏电站项目,甘肃镇原20MWP光伏电站项目
10390,甘肃鑫和阳光能源有限公司扎赉特旗30MWp光伏太阳能发电项目,甘肃鑫和阳光能源有限公司扎赉特旗30MWP光伏太阳能发电项目
10423,甘南县龙旸新能源有限公司20MWp太阳能光伏发电项目,甘南县龙旸新能源有限公司20MWP太阳能光伏发电项目
10431,阜平英利保定10MWp光伏电站发电项目,阜平英利保定10MWP光伏电站发电项目
10435,阜宁利仁盐城阜宁英利陈集农牧业大棚4.2MWp+5.8MWp光伏发电项目,阜宁利仁盐城阜宁英利陈集农牧业大棚4.2MWP+5.8MWP光伏发电项目
10453,抚宁顺能秦皇岛市抚宁区1.5万kw一期农业设施光伏电站光伏项目,抚宁顺能秦皇岛市抚宁区1.5万KW一期农业设施光伏电站光伏项目
10459,孚尧绿色电力宜昌高新区白洋20MWp农光互补光伏电站,孚尧绿色电力宜昌高新区白洋20MWP农光互补光伏电站
10467,孚旭电力麻城中馆驿55MWp地面光伏电站,孚旭电力麻城中馆驿55MWP地面光伏电站
10468,扶沟县30MWp光伏农业生态大棚集中并网发电项目,扶沟县30MWP光伏农业生态大棚集中并网发电项目
10473,凤阳协鑫滁州市凤阳县协鑫凤阳县板桥镇2万kW光伏电站,凤阳协鑫滁州市凤阳县协鑫凤阳县板桥镇2万KW光伏电站
10485,锋电能源技术有限公司奈曼旗沙力他拉20MWp光伏发电项目,锋电能源技术有限公司奈曼旗沙力他拉20MWP光伏发电项目
10486,枫桥镇阳春村永宁村农光互补18MWp光伏电站项目,枫桥镇阳春村永宁村农光互补18MWP光伏电站项目
10513,二连浩特一期50MWp发电工程,二连浩特一期50MWP发电工程
10514,二连浩特光伏三期50MWp发电工程,二连浩特光伏三期50MWP发电工程
10518,恩菲中卫二期30MWp光伏并网发电项目,恩菲中卫二期30MWP光伏并网发电项目
10521,恩菲新能源(中卫)有限公司太阳能光伏并网发电30MWp工程项目,恩菲新能源(中卫)有限公司太阳能光伏并网发电30MWP工程项目
10524,鄂尔多斯市润博园林景观工程鄂托克前旗33MWp生态农业光伏发电项目,鄂尔多斯市润博园林景观工程鄂托克前旗33MWP生态农业光伏发电项目
10556,独山县上司30MWp光伏电站项目,独山县上司30MWP光伏电站项目
10567,东源天华阳光农光互补一期100兆瓦项目,0
10571,东营光伏10MWp并网发电工程,0
10580,东乡县黎圩镇30MWp渔光互补光伏电站项目,东乡县黎圩镇30MWP渔光互补光伏电站项目
10581,东乡区詹圩镇30MWp渔光互补光伏电站项目,东乡区詹圩镇30MWP渔光互补光伏电站项目
10584,东台尚德东台太阳能发电有限公司10MWp太阳能光伏电站项目,东台尚德东台太阳能发电有限公司10MWP太阳能光伏电站项目
10588,东平县接山镇20MWp光伏发电项目,东平县接山镇20MWP光伏发电项目
10616,德州协衡新能源平原20MW农业一体化光伏发电项目,德州协衡20MW光伏农业一体化发电项目
10620,德州德城20MWp高效农业光伏电站项目（一期）,德州德城20MWP高效农业光伏电站项目（一期）
10621,德州德城10MWp高效农业光伏电站项目（二期）,德州德城10MWP高效农业光伏电站项目（二期）
10651,当雄县友豪新能源发展有限公司当雄县格达乡30MWp牧光互补并网光伏发电项目,当雄县友豪新能源发展有限公司当雄县格达乡30MWP牧光互补并网光伏发电项目
10681,大唐新疆能源开发有限公司风电项目筹建处一期20MWp光伏电站项目,大唐新疆能源开发有限公司风电项目筹建处一期20MWP光伏电站项目
10686,大唐乌拉特后旗风电有限公司乌拉特后旗20MWp风光同场光伏发电项目,大唐乌拉特后旗风电有限公司乌拉特后旗20MWP风光同场光伏发电项目
10690,大唐陕西发电有限公司韩城发电厂20MWp光伏并网发电项目,大唐陕西发电有限公司韩城发电厂20MWP光伏并网发电项目
10691,大唐山西利民20MWp光伏发电项目,大唐山西利民20MWP光伏发电项目
10692,大唐屈家岭70MWp农光互补光伏电站项目,大唐屈家岭70MWP农光互补光伏电站项目
10693,大唐清远市英德市白石窑一期4.6万kW光伏电站项目,大唐清远市英德市白石窑一期4.6万KW光伏电站项目
10701,大唐河北石家庄赞皇一期5万kW光伏电站项目,大唐河北石家庄赞皇一期5万KW光伏电站项目
10702,大唐河北发电有限公司五原20MWp太阳能光伏发电项目,大唐河北发电有限公司五原20MWP太阳能光伏发电项目
10713,大唐贵州兴仁公司兴仁市潘家庄接坝河3万kW农业光伏电站,大唐贵州兴仁公司兴仁市潘家庄接坝河3万KW农业光伏电站
10714,大唐贵州昌平坳公司贞丰县长田8万kW农业光伏电站,大唐贵州昌平坳公司贞丰县长田8万KW农业光伏电站
10735,大唐阿拉善开发区兰山光伏电站30MWp光伏发电项目,大唐阿拉善开发区兰山光伏电站30MWP光伏发电项目
10754,大庆红骥（20MWp）光伏发电项目,大庆红骥（20MWP）光伏发电项目
10760,大秦新能源安龙县万屯5万kw农业科技大棚光伏电站,大秦新能源安龙县万屯5万KW农业科技大棚光伏电站
10793,达茂旗大唐天宏太阳能发电科技有限公司大唐新能源包头达茂旗召河20MWp光伏发电项目,达茂旗大唐天宏太阳能发电科技有限公司大唐新能源包头达茂旗召河20MWP光伏发电项目
10794,达茂旗50MWp（一期10MW）太阳能光伏发电生态旅游畜牧业暨教育示范基地项目,达茂旗50MWP（一期10MW）太阳能光伏发电生态旅游畜牧业暨教育示范基地项目
10797,慈溪正态新能源宁波慈溪市12万kW光伏电站,慈溪正态新能源宁波慈溪市12万KW光伏电站
10799,慈溪舒能新能源科技有限公司100MWp渔光互补光伏发电项目,慈溪舒能新能源科技有限公司100MWP渔光互补光伏发电项目
10801,慈溪风凌新能源科技有限公司100MWp渔光互补光伏发电项目,慈溪风凌新能源科技有限公司100MWP渔光互补光伏发电项目
10802,楚伏新能源沙洋拾回桥镇兴业50MWp农光互补光伏电站,楚伏新能源沙洋拾回桥镇兴业50MWP农光互补光伏电站
10869,常熟福山光伏发电有限公司扩建40mw光伏发电项目,常熟福山光伏发电有限公司扩建40MW光伏发电项目
10872,常山县同景新能源有限公司常山30MWp农光互补地面光伏电站,常山县同景新能源有限公司常山30MWP农光互补地面光伏电站
10873,菖阳新能源公司池州市青阳县新河镇向阳村30mw光互补光伏发电项目,菖阳新能源公司池州市青阳县新河镇向阳村30MW光互补光伏发电项目
10918,采田丝路木垒光伏园区1OOMWp光伏发电项目,采田丝路木垒光伏园区1OOMWP光伏发电项目
10923,博湖县晶嘉阳光电力有限公司100MWp一期20MWp光伏并网电站项目,博湖县晶嘉阳光电力有限公司100MWP一期20MWP光伏并网电站项目
10926,博白林场60MWp（一期40MWp）农业光伏大棚,博白林场60MWP（一期40MWP）农业光伏大棚
10930,滨州农业科技园区20MWp光伏发电（电站）项目,滨州农业科技园区20MWP光伏发电（电站）项目
10939,宾川县水井坡20MWp农光互补并网光伏电站项目（岩淜二期）,宾川县水井坡20MWP农光互补并网光伏电站项目（岩淜二期）
10944,毕节徽阳新能源纳雍县新房10万kW农业光伏电站,毕节徽阳新能源纳雍县新房10万KW农业光伏电站
10951,北鑫谢家集20MWp渔光互补光伏电站项目,北鑫谢家集20MWP渔光互补光伏电站项目
10990,北京京能新能源巴彦淖尔市乌拉特中旗40MWp风光同场光伏发电项目,北京京能新能源有限公司巴彦淖尔市乌拉特中旗40MWP风光同场光伏发电项目
10992,北京京能锡林郭勒盟镶黄旗文贡乌拉20MWp风光同场光伏发电项目,北京京能新能源有限公司锡林郭勒盟镶黄旗文贡乌拉20MWP风光同场光伏发电项目
10999,北京京能乌兰伊力更电场风光一体化二期40MWp风光同场光伏发电项目,北京京能乌兰伊力更电场风光一体化二期40MWP风光同场光伏发电项目
11000,北京京能苏尼特右旗赛汗风电场风光一体化20MWp光伏电站发电项目,北京京能苏尼特右旗赛汗风电场风光一体化20MWP光伏电站发电项目
11003,北京国润天能光伏电站综合农业示范工程一期50MWp项目,北京国润天能光伏电站综合农业示范工程一期50MWP项目
11013,北方联合电力包头土右100MWp光伏发电项目,北方联合电力包头土右100MWP光伏发电项目
11018,保利协鑫(桑日)10MWp光伏电站项目,保利协鑫(桑日)10MWP光伏电站项目
11036,宝应县宝丰达新能源发电有限公司12MWp渔光互补光伏发电项目,宝应县宝丰达新能源发电有限公司12MWP渔光互补光伏发电项目
11049,包头市中利腾晖光伏发电有限公司白云区100MWp(三期10MWp)光伏发电农业一体化项目,包头市中利腾晖光伏发电有限公司白云区100MWP(三期10MWP)光伏发电农业一体化项目
11051,包头市中利腾晖光伏发电有限公司白云区100MWp(二期20MWp)光伏发电农业一体化项目,包头市中利腾晖光伏发电有限公司白云区100MWP(二期20MWP)光伏发电农业一体化项目
11052,包头市中利腾晖白云区100MWp（一期30MWp）光伏发电农业一体化项目,包头市中利腾晖白云区100MWP（一期30MWP）光伏发电农业一体化项目
11054,包头市土右旗将军尧40MWp光伏农业一体化发电项目,包头市土右旗将军尧40MWP光伏农业一体化发电项目
11056,包头市光羿太阳能发电有限责任公司石拐区领跑者1号100MWp光伏项目,包头市光羿太阳能发电有限责任公司石拐区领跑者1号100MWP光伏项目
11065,百色市那坡县龙合乡20MWp农业光伏发电项目,百色市那坡县龙合乡20MWP农业光伏发电项目
11075,百灵庙二期40MWp光伏发电项目,百灵庙二期40MWP光伏发电项目
11077,白云风电场风光一体化10MWp光伏发电项目,白云风电场风光一体化10MWP光伏发电项目
11082,白水县新大行能源科技有限公司渭南市白水县地面集中式2万kW光伏电站,白水县新大行能源科技有限公司渭南市白水县地面集中式2万KW光伏电站
11083,白水县鼎鑫光伏发电有限公司渭南市白水县地面集中式2万kW光伏电站,白水县鼎鑫光伏发电有限公司渭南市白水县地面集中式2万KW光伏电站
11090,巴彦淖尔市鑫盛太阳能科技有限公司磴口县50MWp光伏农业科技大棚项目一期10MW,巴彦淖尔市鑫盛太阳能科技有限公司磴口县50MWP光伏农业科技大棚项目一期10MW
11091,巴彦淖尔市鑫盛太阳能科技有限公司磴口县50MWp光伏农业科技大棚项目二期10MW,巴彦淖尔市鑫盛太阳能科技有限公司磴口县50MWP光伏农业科技大棚项目二期10MW
11092,巴彦淖尔市乌拉特中旗川井风电场10MWp光伏发电项目,0
11093,巴彦淖尔市乌拉特中旗20MWp风光同场光伏发电项目,0
11105,巴彦淖尔市磴口县50MWp太阳能光伏发电项目,巴彦淖尔市磴口县50MWP太阳能光伏发电项目
11130,敖汉旗长胜镇40MWp光伏发电项目,敖汉旗长胜镇40MWP光伏发电项目
11135,安阳县都里镇100MWp太阳能光伏电站项目,安阳县都里镇100MWP太阳能光伏电站项目
11145,安仁县福星扶贫发电站,安仁县福星发电站
11151,安龙县总科一期30MWp光伏电站,安龙县总科一期30MWP光伏电站
11152,安龙县普坪30MWp光伏电站项目,安龙县普坪30MWP光伏电站项目
11157,安吉草荡水库43.2MWp渔光互补光伏发电项目,安吉草荡水库43.2MWP渔光互补光伏发电项目
11158,安徽省芜湖市无为县牛埠镇信义50MWp渔光互补光伏电站项目,安徽省芜湖市无为县牛埠镇信义50MWP渔光互补光伏电站项目
11159,安徽省芜湖市无为县牛埠镇信义30MWp渔光互补光伏电站项目,安徽省芜湖市无为县牛埠镇信义30MWP渔光互补光伏电站项目
11160,安徽省利辛县信义80MWp光伏电站项目,安徽省利辛县信义80MWP光伏电站项目
11168,安徽金寨傅河信义200MWp光伏电站项目,安徽金寨傅河信义200MWP光伏电站项目
11174,安徽国华农业科技有限公司金寨县60MWp光伏电站项目,安徽国华农业科技有限公司金寨县60MWP光伏电站项目
11176,安达市青肯泡乡20MWp光伏地面电站二期B项目,安达市青肯泡乡20MWP光伏地面电站二期B项目
11177,安达市青肯泡乡20MWp光伏地面电站二期A项目,安达市青肯泡乡20MWP光伏地面电站二期A项目
11179,安达市青肯泡乡20MWp光伏地面电站B项目,安达市青肯泡乡20MWP光伏地面电站B项目
11180,安达市青肯泡乡20MWp光伏地面电站A项目,安达市青肯泡乡20MWP光伏地面电站A项目
11182,安达市昌德镇20MWp地面光伏电站2号项目,安达市昌德镇20MWP地面光伏电站2号项目
11190,安达市昌德镇20MWp地面光伏电站1号项目,安达市昌德镇20MWP地面光伏电站1号项目
11192,安达农义（10MWp）光伏发电项目,安达农义（10MWP）光伏发电项目
11201,阿右旗雅布赖镇一期50MWp设施农牧业并网光伏发电项目,阿右旗雅布赖镇一期50MWP设施农牧业并网光伏发电项目
11212,阿鲁科尔沁旗绍根30MWp光伏电站,阿鲁科尔沁旗绍根30MWP光伏电站
11213,阿拉善右旗中电科新能源发展有限公司一期30MWp光伏电站发电项目,阿拉善右旗中电科新能源发展有限公司一期30MWP光伏电站发电项目
11214,阿拉善盟左旗20MWp光伏并网发电特许权项目,国电蒙电新能源阿拉善盟阿左旗巴彦浩特二期20MWP光伏发电项目
11216,阿拉善盟晟辉能源技术有限责任公司阿左旗二期50MWp光伏电站项目,阿拉善盟晟辉能源技术有限责任公司阿左旗二期50MWP光伏电站项目
11217,阿拉善盟晟辉能源技术有限责任公司30MWp太阳能光伏电站项目,阿拉善盟晟辉能源技术有限责任公司30MWP太阳能光伏电站项目
11220,阿拉善盟岚山煤炭建材有限责任公司20MWp光伏发电金太阳示范项目,0
