天山北坡城市群,乌鲁木齐市
天山北坡城市群,昌吉回族自治州
天山北坡城市群,吐鲁番市
天山北坡城市群,石河子市
天山北坡城市群,克拉玛依市
天山北坡城市群,伊犁州
山西中部城市群,太原市
山西中部城市群,晋中市
山西中部城市群,吕梁市
山西中部城市群,忻州市
呼包鄂榆城市群,呼和浩特市
呼包鄂榆城市群,包头市
呼包鄂榆城市群,鄂尔多斯市
呼包鄂榆城市群,榆林市
关中平原城市群,西安市
关中平原城市群,宝鸡市
关中平原城市群,咸阳市
关中平原城市群,铜川市
关中平原城市群,渭南市
关中平原城市群,商洛市
关中平原城市群,运城市
关中平原城市群,临汾市
关中平原城市群,天水市
关中平原城市群,平凉市
关中平原城市群,庆阳市
宁夏沿黄城市群,银川市
宁夏沿黄城市群,石嘴山市
宁夏沿黄城市群,吴忠市
宁夏沿黄城市群,中卫市
宁夏沿黄城市群,平罗市
宁夏沿黄城市群,青铜峡市
宁夏沿黄城市群,灵武市
宁夏沿黄城市群,永宁市
兰州-西宁城市群,兰州市
兰州-西宁城市群,西宁市
兰州-西宁城市群,海东市
兰州-西宁城市群,白银市
兰州-西宁城市群,定西市
兰州-西宁城市群,临夏回族自治州
兰州-西宁城市群,海北藏族自治州
兰州-西宁城市群,海南藏族自治州
兰州-西宁城市群,黄南藏族自治州
哈长城市群,哈尔滨市
哈长城市群,大庆市
哈长城市群,齐齐哈尔市
哈长城市群,绥化市
哈长城市群,牡丹江市
哈长城市群,长春市
哈长城市群,吉林市
哈长城市群,四平市
哈长城市群,辽源市
哈长城市群,松原市
哈长城市群,延边朝鲜族自治州
辽中南城市群,沈阳市
辽中南城市群,大连市
辽中南城市群,鞍山市
辽中南城市群,抚顺市
辽中南城市群,本溪市
辽中南城市群,丹东市
辽中南城市群,辽阳市
辽中南城市群,营口市
辽中南城市群,盘锦市
京津冀城市群,北京市
京津冀城市群,天津市
京津冀城市群,石家庄市
京津冀城市群,唐山市
京津冀城市群,保定市
京津冀城市群,秦皇岛市
京津冀城市群,廊坊市
京津冀城市群,沧州市
京津冀城市群,承德市
京津冀城市群,张家口市
山东半岛城市群,济南市
山东半岛城市群,青岛市
山东半岛城市群,烟台市
山东半岛城市群,淄博市
山东半岛城市群,潍坊市
山东半岛城市群,东营市
山东半岛城市群,威海市
山东半岛城市群,日照市
中原城市群,郑州市
中原城市群,洛阳市
中原城市群,开封市
中原城市群,南阳市
中原城市群,安阳市
中原城市群,商丘市
中原城市群,新乡市
中原城市群,平顶山市
中原城市群,许昌市
中原城市群,焦作市
中原城市群,周口市
中原城市群,信阳市
中原城市群,驻马店市
中原城市群,鹤壁市
中原城市群,濮阳市
中原城市群,漯河市
中原城市群,三门峡市
中原城市群,济源市
中原城市群,长治市
中原城市群,晋城市
中原城市群,运城市
中原城市群,邢台市
中原城市群,邯郸市
中原城市群,聊城市
中原城市群,菏泽市
中原城市群,宿州市
中原城市群,淮北市
中原城市群,蚌埠市
中原城市群,阜阳市
中原城市群,亳州市
长三角城市群,上海市
长三角城市群,南京市
长三角城市群,无锡市
长三角城市群,常州市
长三角城市群,苏州市
长三角城市群,南通市
长三角城市群,扬州市
长三角城市群,镇江市
长三角城市群,盐城市
长三角城市群,泰州市
长三角城市群,杭州市
长三角城市群,宁波市
长三角城市群,湖州市
长三角城市群,嘉兴市
长三角城市群,绍兴市
长三角城市群,金华市
长三角城市群,舟山市
长三角城市群,台州市
长三角城市群,合肥市
长三角城市群,芜湖市
长三角城市群,马鞍山市
长三角城市群,铜陵市
长三角城市群,安庆市
长三角城市群,滁州市
长三角城市群,池州市
长三角城市群,宣城市
长江中游城市群,武汉市
长江中游城市群,黄石市
长江中游城市群,鄂州市
长江中游城市群,黄冈市
长江中游城市群,孝感市
长江中游城市群,咸宁市
长江中游城市群,襄阳市
长江中游城市群,宜昌市
长江中游城市群,荆州市
长江中游城市群,荆门市
长江中游城市群,长沙市
长江中游城市群,株洲市
长江中游城市群,湘潭市
长江中游城市群,岳阳市
长江中游城市群,益阳市
长江中游城市群,常德市
长江中游城市群,衡阳市
长江中游城市群,娄底市
长江中游城市群,南昌市
长江中游城市群,九江市
长江中游城市群,景德镇市
长江中游城市群,鹰潭市
长江中游城市群,新余市
长江中游城市群,宜春市
长江中游城市群,萍乡市
长江中游城市群,上饶市
长江中游城市群,抚州市
长江中游城市群,吉安市
粤闽浙沿海城市群,泉州市
粤闽浙沿海城市群,福州市
粤闽浙沿海城市群,温州市
粤闽浙沿海城市群,厦门市
粤闽浙沿海城市群,漳州市
粤闽浙沿海城市群,赣州市
粤闽浙沿海城市群,龙岩市
粤闽浙沿海城市群,汕头市
粤闽浙沿海城市群,三明市
粤闽浙沿海城市群,莆田市
粤闽浙沿海城市群,上饶市
粤闽浙沿海城市群,宁德市
粤闽浙沿海城市群,揭阳市
粤闽浙沿海城市群,南平市
粤闽浙沿海城市群,衢州市
粤闽浙沿海城市群,抚州市
粤闽浙沿海城市群,丽水市
粤闽浙沿海城市群,梅州市
粤闽浙沿海城市群,潮州市
粤闽浙沿海城市群,鹰潭市
珠三角城市群,广州市
珠三角城市群,深圳市
珠三角城市群,佛山市
珠三角城市群,东莞市
珠三角城市群,中山市
珠三角城市群,珠海市
珠三角城市群,江门市
珠三角城市群,肇庆市
珠三角城市群,惠州市
北部湾城市群,南宁市
北部湾城市群,北海市
北部湾城市群,钦州市
北部湾城市群,防城港市
北部湾城市群,玉林市
北部湾城市群,崇左市
北部湾城市群,湛江市
北部湾城市群,茂名市
北部湾城市群,阳江市
北部湾城市群,海口市
北部湾城市群,儋州市
北部湾城市群,东方市
成渝城市群,成都市
成渝城市群,重庆市
成渝城市群,自贡市
成渝城市群,泸州市
成渝城市群,德阳市
成渝城市群,遂宁市
成渝城市群,内江市
成渝城市群,乐山市
成渝城市群,南充市
成渝城市群,眉山市
成渝城市群,宜宾市
成渝城市群,广安市
成渝城市群,资阳市
成渝城市群,绵阳市
成渝城市群,达州市
成渝城市群,雅安市
黔中城市群,贵阳市
黔中城市群,遵义市
黔中城市群,毕节市
黔中城市群,安顺市
黔中城市群,黔东南州
黔中城市群,黔南州
滇中城市群,昆明市
滇中城市群,曲靖市
滇中城市群,玉溪市
滇中城市群,楚雄彝族自治州
滇中城市群,红河哈尼族彝族自治州
单列,拉萨
单列,喀什
单列,呼伦贝尔
单列,赤峰
UHV终端,淮南市
UHV终端,乾县
UHV终端,永登县
UHV终端,瓜州县
UHV终端,兴仁市
UHV终端,兴义市
UHV终端,张北县
UHV终端,宜都市
UHV终端,锡林郭勒盟
UHV终端,民和回族土族自治县
UHV终端,格尔木市
UHV终端,延安市
UHV终端,西昌市
UHV终端,哈密市
UHV终端,酒泉市
UHV终端,昭通市
UHV终端,普洱市